Gender,Married,Dependents,Education,Self_Employed,ApplicantIncome,CoapplicantIncome,LoanAmount,Loan_Amount_Term,Credit_History,Property_Area,Loan_Status,LoanAmount_Rupees,Married_Label,ApplicantIncome_Rupees,Income_Bin,CoApplicantIncome_Rupees,TotalIncome_Rupees,DebtToIncomeRatio
Male,No,0,Graduate,No,5849,0.0,128.0,360.0,1.0,Urban,Y,128000.0,Unmarried,5849000,,0.0,5849000.0,0.021884082749187895
Male,Yes,1,Graduate,No,4583,1508.0,128.0,360.0,1.0,Rural,N,128000.0,Married,4583000,,1508000.0,6091000.0,0.0210146117222131
Male,Yes,0,Graduate,Yes,3000,0.0,66.0,360.0,1.0,Urban,Y,66000.0,Married,3000000,,0.0,3000000.0,0.022
Male,Yes,0,Not Graduate,No,2583,2358.0,120.0,360.0,1.0,Urban,Y,120000.0,Married,2583000,,2358000.0,4941000.0,0.024286581663630843
Male,No,0,Graduate,No,6000,0.0,141.0,360.0,1.0,Urban,Y,141000.0,Unmarried,6000000,,0.0,6000000.0,0.0235
Male,Yes,2,Graduate,Yes,5417,4196.0,267.0,360.0,1.0,Urban,Y,267000.0,Married,5417000,,4196000.0,9613000.0,0.027774888172266723
Male,Yes,0,Not Graduate,No,2333,1516.0,95.0,360.0,1.0,Urban,Y,95000.0,Married,2333000,,1516000.0,3849000.0,0.024681735515718367
Male,Yes,4,Graduate,No,3036,2504.0,158.0,360.0,0.0,Semiurban,N,158000.0,Married,3036000,,2504000.0,5540000.0,0.02851985559566787
Male,Yes,2,Graduate,No,4006,1526.0,168.0,360.0,1.0,Urban,Y,168000.0,Married,4006000,,1526000.0,5532000.0,0.03036876355748373
Male,Yes,1,Graduate,No,12841,10968.0,349.0,360.0,1.0,Semiurban,N,349000.0,Married,12841000,,10968000.0,23809000.0,0.014658322483094628
Male,Yes,2,Graduate,No,3200,700.0,70.0,360.0,1.0,Urban,Y,70000.0,Married,3200000,,700000.0,3900000.0,0.017948717948717947
Male,Yes,2,Graduate,No,2500,1840.0,109.0,360.0,1.0,Urban,Y,109000.0,Married,2500000,,1840000.0,4340000.0,0.02511520737327189
Male,Yes,2,Graduate,No,3073,8106.0,200.0,360.0,1.0,Urban,Y,200000.0,Married,3073000,,8106000.0,11179000.0,0.01789068789694964
Male,No,0,Graduate,No,1853,2840.0,114.0,360.0,1.0,Rural,N,114000.0,Unmarried,1853000,,2840000.0,4693000.0,0.024291497975708502
Male,Yes,2,Graduate,No,1299,1086.0,17.0,120.0,1.0,Urban,Y,17000.0,Married,1299000,,1086000.0,2385000.0,0.007127882599580713
Male,No,0,Graduate,No,4950,0.0,125.0,360.0,1.0,Urban,Y,125000.0,Unmarried,4950000,,0.0,4950000.0,0.025252525252525252
Male,No,1,Not Graduate,No,3596,0.0,100.0,240.0,1.0,Urban,Y,100000.0,Unmarried,3596000,,0.0,3596000.0,0.027808676307007785
Female,No,0,Graduate,No,3510,0.0,76.0,360.0,0.0,Urban,N,76000.0,Unmarried,3510000,,0.0,3510000.0,0.021652421652421653
Male,Yes,0,Not Graduate,No,4887,0.0,133.0,360.0,1.0,Rural,N,133000.0,Married,4887000,,0.0,4887000.0,0.027215060364231634
Male,Yes,0,Graduate,No,2600,3500.0,115.0,360.0,1.0,Urban,Y,115000.0,Married,2600000,,3500000.0,6100000.0,0.018852459016393444
Male,Yes,0,Not Graduate,No,7660,0.0,104.0,360.0,0.0,Urban,N,104000.0,Married,7660000,,0.0,7660000.0,0.013577023498694517
Male,Yes,1,Graduate,No,5955,5625.0,315.0,360.0,1.0,Urban,Y,315000.0,Married,5955000,,5625000.0,11580000.0,0.027202072538860103
Male,Yes,0,Not Graduate,No,2600,1911.0,116.0,360.0,0.0,Semiurban,N,116000.0,Married,2600000,,1911000.0,4511000.0,0.025714919086677012
Male,Yes,2,Not Graduate,No,3365,1917.0,112.0,360.0,0.0,Rural,N,112000.0,Married,3365000,,1917000.0,5282000.0,0.021204089360090876
Male,Yes,1,Graduate,No,3717,2925.0,151.0,360.0,1.0,Semiurban,N,151000.0,Married,3717000,,2925000.0,6642000.0,0.02273411623005119
Male,Yes,0,Graduate,Yes,9560,0.0,191.0,360.0,1.0,Semiurban,Y,191000.0,Married,9560000,,0.0,9560000.0,0.01997907949790795
Male,Yes,0,Graduate,No,2799,2253.0,122.0,360.0,1.0,Semiurban,Y,122000.0,Married,2799000,,2253000.0,5052000.0,0.02414885193982581
Male,Yes,2,Not Graduate,No,4226,1040.0,110.0,360.0,1.0,Urban,Y,110000.0,Married,4226000,,1040000.0,5266000.0,0.020888720091150777
Male,No,0,Not Graduate,No,1442,0.0,35.0,360.0,1.0,Urban,N,35000.0,Unmarried,1442000,,0.0,1442000.0,0.024271844660194174
Female,No,2,Graduate,No,3750,2083.0,120.0,360.0,1.0,Semiurban,Y,120000.0,Unmarried,3750000,,2083000.0,5833000.0,0.020572604148808505
Male,Yes,1,Graduate,No,4166,3369.0,201.0,360.0,1.0,Urban,N,201000.0,Married,4166000,,3369000.0,7535000.0,0.026675514266755143
Male,No,0,Graduate,No,3167,0.0,74.0,360.0,1.0,Urban,N,74000.0,Unmarried,3167000,,0.0,3167000.0,0.023365961477739186
Male,No,1,Graduate,Yes,4692,0.0,106.0,360.0,1.0,Rural,N,106000.0,Unmarried,4692000,,0.0,4692000.0,0.022591645353793693
Male,Yes,0,Graduate,No,3500,1667.0,114.0,360.0,1.0,Semiurban,Y,114000.0,Married,3500000,,1667000.0,5167000.0,0.022063092703696534
Male,No,4,Graduate,No,12500,3000.0,320.0,360.0,1.0,Rural,N,320000.0,Unmarried,12500000,,3000000.0,15500000.0,0.02064516129032258
Male,Yes,0,Graduate,No,2275,2067.0,128.0,360.0,1.0,Urban,Y,128000.0,Married,2275000,,2067000.0,4342000.0,0.02947950253339475
Male,Yes,0,Graduate,No,1828,1330.0,100.0,360.0,0.0,Urban,N,100000.0,Married,1828000,,1330000.0,3158000.0,0.031665611146295125
Female,Yes,0,Graduate,No,3667,1459.0,144.0,360.0,1.0,Semiurban,Y,144000.0,Married,3667000,,1459000.0,5126000.0,0.02809207959422552
Male,No,0,Graduate,No,4166,7210.0,184.0,360.0,1.0,Urban,Y,184000.0,Unmarried,4166000,,7210000.0,11376000.0,0.01617440225035162
Male,No,0,Not Graduate,No,3748,1668.0,110.0,360.0,1.0,Semiurban,Y,110000.0,Unmarried,3748000,,1668000.0,5416000.0,0.02031019202363368
Male,No,0,Graduate,No,3600,0.0,80.0,360.0,1.0,Urban,N,80000.0,Unmarried,3600000,,0.0,3600000.0,0.022222222222222223
Male,No,0,Graduate,No,1800,1213.0,47.0,360.0,1.0,Urban,Y,47000.0,Unmarried,1800000,,1213000.0,3013000.0,0.015599070693660804
Male,Yes,0,Graduate,No,2400,0.0,75.0,360.0,1.0,Urban,Y,75000.0,Married,2400000,,0.0,2400000.0,0.03125
Male,Yes,0,Graduate,No,3941,2336.0,134.0,360.0,1.0,Semiurban,Y,134000.0,Married,3941000,,2336000.0,6277000.0,0.021347777600764697
Male,Yes,0,Not Graduate,Yes,4695,0.0,96.0,360.0,1.0,Urban,Y,96000.0,Married,4695000,,0.0,4695000.0,0.020447284345047924
Female,No,0,Graduate,No,3410,0.0,88.0,360.0,1.0,Urban,Y,88000.0,Unmarried,3410000,,0.0,3410000.0,0.025806451612903226
Male,Yes,1,Graduate,No,5649,0.0,44.0,360.0,1.0,Urban,Y,44000.0,Married,5649000,,0.0,5649000.0,0.007788989201628607
Male,Yes,0,Graduate,No,5821,0.0,144.0,360.0,1.0,Urban,Y,144000.0,Married,5821000,,0.0,5821000.0,0.02473801752276241
Female,Yes,0,Graduate,No,2645,3440.0,120.0,360.0,0.0,Urban,N,120000.0,Married,2645000,,3440000.0,6085000.0,0.01972062448644207
Female,No,0,Graduate,No,4000,2275.0,144.0,360.0,1.0,Semiurban,Y,144000.0,Unmarried,4000000,,2275000.0,6275000.0,0.022948207171314742
Female,Yes,0,Not Graduate,No,1928,1644.0,100.0,360.0,1.0,Semiurban,Y,100000.0,Married,1928000,,1644000.0,3572000.0,0.027995520716685332
Female,No,0,Graduate,No,3086,0.0,120.0,360.0,1.0,Semiurban,Y,120000.0,Unmarried,3086000,,0.0,3086000.0,0.03888528839922229
Female,No,0,Graduate,No,4230,0.0,112.0,360.0,1.0,Semiurban,N,112000.0,Unmarried,4230000,,0.0,4230000.0,0.026477541371158392
Male,Yes,2,Graduate,No,4616,0.0,134.0,360.0,1.0,Urban,N,134000.0,Married,4616000,,0.0,4616000.0,0.02902946273830156
Female,Yes,1,Graduate,Yes,11500,0.0,286.0,360.0,0.0,Urban,N,286000.0,Married,11500000,,0.0,11500000.0,0.024869565217391306
Male,Yes,2,Graduate,No,2708,1167.0,97.0,360.0,1.0,Semiurban,Y,97000.0,Married,2708000,,1167000.0,3875000.0,0.02503225806451613
Male,Yes,0,Graduate,No,2132,1591.0,96.0,360.0,1.0,Semiurban,Y,96000.0,Married,2132000,,1591000.0,3723000.0,0.0257856567284448
Male,Yes,0,Graduate,No,3366,2200.0,135.0,360.0,1.0,Rural,N,135000.0,Married,3366000,,2200000.0,5566000.0,0.024254401724757457
Male,Yes,1,Graduate,No,8080,2250.0,180.0,360.0,1.0,Urban,Y,180000.0,Married,8080000,,2250000.0,10330000.0,0.017424975798644726
Male,Yes,2,Not Graduate,No,3357,2859.0,144.0,360.0,1.0,Urban,Y,144000.0,Married,3357000,,2859000.0,6216000.0,0.023166023166023165
Male,Yes,0,Graduate,No,2500,3796.0,120.0,360.0,1.0,Urban,Y,120000.0,Married,2500000,,3796000.0,6296000.0,0.01905972045743329
Male,Yes,4,Graduate,No,3029,0.0,99.0,360.0,1.0,Urban,Y,99000.0,Married,3029000,,0.0,3029000.0,0.03268405414328161
Male,Yes,0,Not Graduate,Yes,2609,3449.0,165.0,180.0,0.0,Rural,N,165000.0,Married,2609000,,3449000.0,6058000.0,0.02723671178606801
Male,Yes,1,Graduate,No,4945,0.0,128.0,360.0,0.0,Rural,N,128000.0,Married,4945000,,0.0,4945000.0,0.025884732052578362
Female,No,0,Graduate,No,4166,0.0,116.0,360.0,0.0,Semiurban,N,116000.0,Unmarried,4166000,,0.0,4166000.0,0.02784445511281805
Male,Yes,0,Graduate,No,5726,4595.0,258.0,360.0,1.0,Semiurban,N,258000.0,Married,5726000,,4595000.0,10321000.0,0.024997577754093597
Male,No,0,Not Graduate,No,3200,2254.0,126.0,180.0,0.0,Urban,N,126000.0,Unmarried,3200000,,2254000.0,5454000.0,0.0231023102310231
Male,Yes,1,Graduate,No,10750,0.0,312.0,360.0,1.0,Urban,Y,312000.0,Married,10750000,,0.0,10750000.0,0.02902325581395349
Male,Yes,4,Not Graduate,Yes,7100,0.0,125.0,60.0,1.0,Urban,Y,125000.0,Married,7100000,,0.0,7100000.0,0.017605633802816902
Female,No,0,Graduate,No,4300,0.0,136.0,360.0,0.0,Semiurban,N,136000.0,Unmarried,4300000,,0.0,4300000.0,0.03162790697674418
Male,Yes,0,Graduate,No,3208,3066.0,172.0,360.0,1.0,Urban,Y,172000.0,Married,3208000,,3066000.0,6274000.0,0.027414727446605038
Male,Yes,2,Not Graduate,Yes,1875,1875.0,97.0,360.0,1.0,Semiurban,Y,97000.0,Married,1875000,,1875000.0,3750000.0,0.025866666666666666
Male,No,0,Graduate,No,3500,0.0,81.0,300.0,1.0,Semiurban,Y,81000.0,Unmarried,3500000,,0.0,3500000.0,0.023142857142857142
Male,Yes,4,Not Graduate,No,4755,0.0,95.0,360.0,0.0,Semiurban,N,95000.0,Married,4755000,,0.0,4755000.0,0.019978969505783387
Male,Yes,4,Graduate,Yes,5266,1774.0,187.0,360.0,1.0,Semiurban,Y,187000.0,Married,5266000,,1774000.0,7040000.0,0.0265625
Male,No,0,Graduate,No,3750,0.0,113.0,480.0,1.0,Urban,N,113000.0,Unmarried,3750000,,0.0,3750000.0,0.030133333333333335
Male,No,0,Graduate,No,3750,4750.0,176.0,360.0,1.0,Urban,N,176000.0,Unmarried,3750000,,4750000.0,8500000.0,0.020705882352941178
Male,Yes,1,Graduate,Yes,1000,3022.0,110.0,360.0,1.0,Urban,N,110000.0,Married,1000000,,3022000.0,4022000.0,0.02734957732471407
Male,Yes,4,Graduate,No,3167,4000.0,180.0,300.0,0.0,Semiurban,N,180000.0,Married,3167000,,4000000.0,7167000.0,0.025115110925073254
Male,Yes,4,Not Graduate,Yes,3333,2166.0,130.0,360.0,1.0,Semiurban,Y,130000.0,Married,3333000,,2166000.0,5499000.0,0.02364066193853428
Female,No,0,Graduate,No,3846,0.0,111.0,360.0,1.0,Semiurban,Y,111000.0,Unmarried,3846000,,0.0,3846000.0,0.028861154446177848
Male,Yes,1,Graduate,Yes,2395,0.0,128.0,360.0,1.0,Semiurban,Y,128000.0,Married,2395000,,0.0,2395000.0,0.05344467640918581
Female,Yes,2,Graduate,No,1378,1881.0,167.0,360.0,1.0,Urban,N,167000.0,Married,1378000,,1881000.0,3259000.0,0.0512427124884934
Male,Yes,0,Graduate,No,6000,2250.0,265.0,360.0,1.0,Semiurban,N,265000.0,Married,6000000,,2250000.0,8250000.0,0.03212121212121212
Male,Yes,1,Graduate,No,3988,0.0,50.0,240.0,1.0,Urban,Y,50000.0,Married,3988000,,0.0,3988000.0,0.012537612838515547
Male,No,0,Graduate,No,2366,2531.0,136.0,360.0,1.0,Semiurban,Y,136000.0,Unmarried,2366000,,2531000.0,4897000.0,0.027772105370635083
Male,Yes,2,Not Graduate,No,3333,2000.0,99.0,360.0,1.0,Semiurban,Y,99000.0,Married,3333000,,2000000.0,5333000.0,0.0185636602287643
Male,Yes,0,Graduate,No,2500,2118.0,104.0,360.0,1.0,Semiurban,Y,104000.0,Married,2500000,,2118000.0,4618000.0,0.02252057167605024
Male,No,0,Graduate,No,8566,0.0,210.0,360.0,1.0,Urban,Y,210000.0,Unmarried,8566000,,0.0,8566000.0,0.02451552650011674
Male,Yes,0,Graduate,No,5695,4167.0,175.0,360.0,1.0,Semiurban,Y,175000.0,Married,5695000,,4167000.0,9862000.0,0.017744879334820524
Male,Yes,0,Graduate,No,2958,2900.0,131.0,360.0,1.0,Semiurban,Y,131000.0,Married,2958000,,2900000.0,5858000.0,0.022362581085694777
Male,Yes,2,Graduate,No,6250,5654.0,188.0,180.0,1.0,Semiurban,Y,188000.0,Married,6250000,,5654000.0,11904000.0,0.015793010752688172
Male,Yes,2,Not Graduate,No,3273,1820.0,81.0,360.0,1.0,Urban,Y,81000.0,Married,3273000,,1820000.0,5093000.0,0.015904182210877676
Male,No,0,Graduate,No,4133,0.0,122.0,360.0,1.0,Semiurban,Y,122000.0,Unmarried,4133000,,0.0,4133000.0,0.029518509557222357
Male,No,0,Not Graduate,No,3620,0.0,25.0,120.0,1.0,Semiurban,Y,25000.0,Unmarried,3620000,,0.0,3620000.0,0.006906077348066298
Male,No,0,Graduate,No,6782,0.0,128.0,360.0,1.0,Urban,N,128000.0,Unmarried,6782000,,0.0,6782000.0,0.018873488646416987
Female,Yes,0,Graduate,No,2484,2302.0,137.0,360.0,1.0,Semiurban,Y,137000.0,Married,2484000,,2302000.0,4786000.0,0.028625156707062265
Male,Yes,0,Graduate,No,1977,997.0,50.0,360.0,1.0,Semiurban,Y,50000.0,Married,1977000,,997000.0,2974000.0,0.016812373907195696
Male,Yes,0,Not Graduate,No,4188,0.0,115.0,180.0,1.0,Semiurban,Y,115000.0,Married,4188000,,0.0,4188000.0,0.027459407831900668
Male,Yes,0,Graduate,No,1759,3541.0,131.0,360.0,1.0,Semiurban,Y,131000.0,Married,1759000,,3541000.0,5300000.0,0.02471698113207547
Male,Yes,2,Not Graduate,No,4288,3263.0,133.0,180.0,1.0,Urban,Y,133000.0,Married,4288000,,3263000.0,7551000.0,0.01761356111773275
Male,No,0,Graduate,No,4843,3806.0,151.0,360.0,1.0,Semiurban,Y,151000.0,Unmarried,4843000,,3806000.0,8649000.0,0.017458665741704245
Male,Yes,0,Graduate,No,13650,0.0,128.0,360.0,1.0,Urban,Y,128000.0,Married,13650000,,0.0,13650000.0,0.009377289377289377
Male,Yes,0,Graduate,No,4652,3583.0,128.0,360.0,1.0,Semiurban,Y,128000.0,Married,4652000,,3583000.0,8235000.0,0.01554341226472374
Male,Yes,0,Graduate,No,3816,754.0,160.0,360.0,1.0,Urban,Y,160000.0,Married,3816000,,754000.0,4570000.0,0.0350109409190372
Male,Yes,1,Graduate,No,3052,1030.0,100.0,360.0,1.0,Urban,Y,100000.0,Married,3052000,,1030000.0,4082000.0,0.02449779519843214
Male,Yes,2,Graduate,No,11417,1126.0,225.0,360.0,1.0,Urban,Y,225000.0,Married,11417000,,1126000.0,12543000.0,0.01793829227457546
Male,No,0,Not Graduate,No,7333,0.0,120.0,360.0,1.0,Rural,N,120000.0,Unmarried,7333000,,0.0,7333000.0,0.01636438019909996
Male,Yes,2,Graduate,No,3800,3600.0,216.0,360.0,0.0,Urban,N,216000.0,Married,3800000,,3600000.0,7400000.0,0.02918918918918919
Male,Yes,4,Not Graduate,No,2071,754.0,94.0,480.0,1.0,Semiurban,Y,94000.0,Married,2071000,,754000.0,2825000.0,0.03327433628318584
Male,No,0,Graduate,No,5316,0.0,136.0,360.0,1.0,Urban,Y,136000.0,Unmarried,5316000,,0.0,5316000.0,0.025583145221971408
Female,Yes,0,Graduate,No,2929,2333.0,139.0,360.0,1.0,Semiurban,Y,139000.0,Married,2929000,,2333000.0,5262000.0,0.026415811478525276
Male,Yes,0,Not Graduate,No,3572,4114.0,152.0,360.0,0.0,Rural,N,152000.0,Married,3572000,,4114000.0,7686000.0,0.019776216497527973
Female,No,1,Graduate,Yes,7451,0.0,128.0,360.0,1.0,Semiurban,Y,128000.0,Unmarried,7451000,,0.0,7451000.0,0.01717890216078379
Male,No,0,Graduate,No,5050,0.0,118.0,360.0,1.0,Semiurban,Y,118000.0,Unmarried,5050000,,0.0,5050000.0,0.023366336633663366
Male,Yes,1,Graduate,No,14583,0.0,185.0,180.0,1.0,Rural,Y,185000.0,Married,14583000,,0.0,14583000.0,0.012686004251525749
Female,Yes,0,Graduate,No,3167,2283.0,154.0,360.0,1.0,Semiurban,Y,154000.0,Married,3167000,,2283000.0,5450000.0,0.028256880733944955
Male,Yes,1,Graduate,No,2214,1398.0,85.0,360.0,1.0,Urban,Y,85000.0,Married,2214000,,1398000.0,3612000.0,0.02353266888150609
Male,Yes,0,Graduate,No,5568,2142.0,175.0,360.0,1.0,Rural,N,175000.0,Married,5568000,,2142000.0,7710000.0,0.022697795071335927
Female,No,0,Graduate,No,10408,0.0,259.0,360.0,1.0,Urban,Y,259000.0,Unmarried,10408000,,0.0,10408000.0,0.024884704073789392
Male,Yes,0,Graduate,No,5667,2667.0,180.0,360.0,1.0,Rural,Y,180000.0,Married,5667000,,2667000.0,8334000.0,0.02159827213822894
Female,No,0,Graduate,No,4166,0.0,44.0,360.0,1.0,Semiurban,Y,44000.0,Unmarried,4166000,,0.0,4166000.0,0.01056168987037926
Female,No,0,Graduate,No,2137,8980.0,137.0,360.0,0.0,Semiurban,Y,137000.0,Unmarried,2137000,,8980000.0,11117000.0,0.01232346856166232
Male,Yes,2,Graduate,No,2957,0.0,81.0,360.0,1.0,Semiurban,Y,81000.0,Married,2957000,,0.0,2957000.0,0.027392627663172135
Male,Yes,0,Not Graduate,No,4300,2014.0,194.0,360.0,1.0,Rural,Y,194000.0,Married,4300000,,2014000.0,6314000.0,0.030725372188786824
Female,No,0,Graduate,No,3692,0.0,93.0,360.0,1.0,Rural,Y,93000.0,Unmarried,3692000,,0.0,3692000.0,0.025189599133261104
Male,Yes,4,Graduate,No,23803,0.0,370.0,360.0,1.0,Rural,Y,370000.0,Married,23803000,,0.0,23803000.0,0.015544259127000798
Male,No,0,Graduate,No,3865,1640.0,128.0,360.0,1.0,Rural,Y,128000.0,Unmarried,3865000,,1640000.0,5505000.0,0.023251589464123524
Male,Yes,1,Graduate,Yes,10513,3850.0,160.0,180.0,0.0,Urban,N,160000.0,Married,10513000,,3850000.0,14363000.0,0.011139734038849823
Male,Yes,0,Graduate,No,6080,2569.0,182.0,360.0,1.0,Rural,N,182000.0,Married,6080000,,2569000.0,8649000.0,0.021042895132385248
Male,No,0,Graduate,Yes,20166,0.0,650.0,480.0,1.0,Urban,Y,650000.0,Unmarried,20166000,,0.0,20166000.0,0.03223247049489239
Male,No,0,Graduate,No,2014,1929.0,74.0,360.0,1.0,Urban,Y,74000.0,Unmarried,2014000,,1929000.0,3943000.0,0.018767435962465127
Male,No,0,Graduate,No,2718,0.0,70.0,360.0,1.0,Semiurban,Y,70000.0,Unmarried,2718000,,0.0,2718000.0,0.025754231052244298
Male,Yes,0,Graduate,Yes,3459,0.0,25.0,120.0,1.0,Semiurban,Y,25000.0,Married,3459000,,0.0,3459000.0,0.007227522405319456
Male,No,0,Graduate,No,4895,0.0,102.0,360.0,1.0,Semiurban,Y,102000.0,Unmarried,4895000,,0.0,4895000.0,0.020837589376915218
Male,Yes,4,Graduate,No,4000,7750.0,290.0,360.0,1.0,Semiurban,N,290000.0,Married,4000000,,7750000.0,11750000.0,0.02468085106382979
Female,Yes,0,Graduate,No,4583,0.0,84.0,360.0,1.0,Rural,N,84000.0,Married,4583000,,0.0,4583000.0,0.0183286057167794
Male,Yes,2,Graduate,Yes,3316,3500.0,88.0,360.0,1.0,Urban,Y,88000.0,Married,3316000,,3500000.0,6816000.0,0.012910798122065728
Male,No,0,Graduate,No,14999,0.0,242.0,360.0,0.0,Semiurban,N,242000.0,Unmarried,14999000,,0.0,14999000.0,0.016134408960597372
Male,Yes,2,Not Graduate,No,4200,1430.0,129.0,360.0,1.0,Rural,N,129000.0,Married,4200000,,1430000.0,5630000.0,0.022912966252220248
Male,Yes,2,Graduate,No,5042,2083.0,185.0,360.0,1.0,Rural,N,185000.0,Married,5042000,,2083000.0,7125000.0,0.025964912280701753
Male,No,0,Graduate,No,5417,0.0,168.0,360.0,1.0,Urban,Y,168000.0,Unmarried,5417000,,0.0,5417000.0,0.031013476093778844
Male,No,0,Graduate,Yes,6950,0.0,175.0,180.0,1.0,Semiurban,Y,175000.0,Unmarried,6950000,,0.0,6950000.0,0.025179856115107913
Male,Yes,0,Graduate,No,2698,2034.0,122.0,360.0,1.0,Semiurban,Y,122000.0,Married,2698000,,2034000.0,4732000.0,0.02578191039729501
Male,Yes,2,Graduate,No,11757,0.0,187.0,180.0,1.0,Urban,Y,187000.0,Married,11757000,,0.0,11757000.0,0.01590541804882198
Female,Yes,0,Graduate,No,2330,4486.0,100.0,360.0,1.0,Semiurban,Y,100000.0,Married,2330000,,4486000.0,6816000.0,0.014671361502347418
Female,Yes,2,Graduate,No,14866,0.0,70.0,360.0,1.0,Urban,Y,70000.0,Married,14866000,,0.0,14866000.0,0.0047087313332436435
Male,Yes,1,Graduate,No,1538,1425.0,30.0,360.0,1.0,Urban,Y,30000.0,Married,1538000,,1425000.0,2963000.0,0.010124873439082012
Female,No,0,Graduate,No,10000,1666.0,225.0,360.0,1.0,Rural,N,225000.0,Unmarried,10000000,,1666000.0,11666000.0,0.019286816389507973
Male,Yes,0,Graduate,No,4860,830.0,125.0,360.0,1.0,Semiurban,Y,125000.0,Married,4860000,,830000.0,5690000.0,0.021968365553602813
Male,No,0,Graduate,No,6277,0.0,118.0,360.0,0.0,Rural,N,118000.0,Unmarried,6277000,,0.0,6277000.0,0.018798789230524134
Male,Yes,0,Graduate,Yes,2577,3750.0,152.0,360.0,1.0,Rural,Y,152000.0,Married,2577000,,3750000.0,6327000.0,0.024024024024024024
Male,No,0,Graduate,No,9166,0.0,244.0,360.0,1.0,Urban,N,244000.0,Unmarried,9166000,,0.0,9166000.0,0.026620117826751038
Male,Yes,2,Not Graduate,No,2281,0.0,113.0,360.0,1.0,Rural,N,113000.0,Married,2281000,,0.0,2281000.0,0.049539675580885574
Male,No,0,Graduate,No,3254,0.0,50.0,360.0,1.0,Urban,Y,50000.0,Unmarried,3254000,,0.0,3254000.0,0.015365703749231715
Male,Yes,4,Graduate,No,39999,0.0,600.0,180.0,0.0,Semiurban,Y,600000.0,Married,39999000,,0.0,39999000.0,0.015000375009375235
Male,Yes,1,Graduate,No,6000,0.0,160.0,360.0,1.0,Rural,Y,160000.0,Married,6000000,,0.0,6000000.0,0.02666666666666667
Male,Yes,1,Graduate,No,9538,0.0,187.0,360.0,1.0,Urban,Y,187000.0,Married,9538000,,0.0,9538000.0,0.019605787376808556
Male,No,0,Graduate,No,2980,2083.0,120.0,360.0,1.0,Rural,Y,120000.0,Unmarried,2980000,,2083000.0,5063000.0,0.023701362828362632
Male,Yes,0,Graduate,No,4583,5625.0,255.0,360.0,1.0,Semiurban,Y,255000.0,Married,4583000,,5625000.0,10208000.0,0.02498040752351097
Male,Yes,0,Not Graduate,No,1863,1041.0,98.0,360.0,1.0,Semiurban,Y,98000.0,Married,1863000,,1041000.0,2904000.0,0.0337465564738292
Male,Yes,0,Graduate,No,7933,0.0,275.0,360.0,1.0,Urban,N,275000.0,Married,7933000,,0.0,7933000.0,0.03466532207235598
Male,Yes,1,Graduate,No,3089,1280.0,121.0,360.0,0.0,Semiurban,N,121000.0,Married,3089000,,1280000.0,4369000.0,0.027695124742504004
Male,Yes,2,Graduate,No,4167,1447.0,158.0,360.0,1.0,Rural,Y,158000.0,Married,4167000,,1447000.0,5614000.0,0.028143925899536872
Male,Yes,0,Graduate,No,9323,0.0,75.0,180.0,1.0,Urban,Y,75000.0,Married,9323000,,0.0,9323000.0,0.008044620830204869
Male,Yes,0,Graduate,No,3707,3166.0,182.0,360.0,1.0,Rural,Y,182000.0,Married,3707000,,3166000.0,6873000.0,0.02648043067074058
Female,Yes,0,Graduate,No,4583,0.0,112.0,360.0,1.0,Rural,N,112000.0,Married,4583000,,0.0,4583000.0,0.02443814095570587
Male,Yes,0,Graduate,No,2439,3333.0,129.0,360.0,1.0,Rural,Y,129000.0,Married,2439000,,3333000.0,5772000.0,0.02234927234927235
Male,No,0,Graduate,No,2237,0.0,63.0,480.0,0.0,Semiurban,N,63000.0,Unmarried,2237000,,0.0,2237000.0,0.028162717925793473
Male,Yes,2,Graduate,No,8000,0.0,200.0,360.0,1.0,Semiurban,Y,200000.0,Married,8000000,,0.0,8000000.0,0.025
Male,Yes,0,Not Graduate,No,1820,1769.0,95.0,360.0,1.0,Rural,Y,95000.0,Married,1820000,,1769000.0,3589000.0,0.026469768737809974
Male,Yes,4,Graduate,No,51763,0.0,700.0,300.0,1.0,Urban,Y,700000.0,Married,51763000,,0.0,51763000.0,0.013523172922744044
Male,Yes,4,Not Graduate,No,3522,0.0,81.0,180.0,1.0,Rural,N,81000.0,Married,3522000,,0.0,3522000.0,0.022998296422487224
Male,Yes,0,Graduate,No,5708,5625.0,187.0,360.0,1.0,Semiurban,Y,187000.0,Married,5708000,,5625000.0,11333000.0,0.016500485308391422
Male,Yes,0,Not Graduate,Yes,4344,736.0,87.0,360.0,1.0,Semiurban,N,87000.0,Married,4344000,,736000.0,5080000.0,0.017125984251968505
Male,Yes,0,Graduate,No,3497,1964.0,116.0,360.0,1.0,Rural,Y,116000.0,Married,3497000,,1964000.0,5461000.0,0.021241530855154733
Male,Yes,2,Graduate,No,2045,1619.0,101.0,360.0,1.0,Rural,Y,101000.0,Married,2045000,,1619000.0,3664000.0,0.027565502183406112
Male,Yes,4,Graduate,No,5516,11300.0,495.0,360.0,0.0,Semiurban,N,495000.0,Married,5516000,,11300000.0,16816000.0,0.029436251189343482
Male,Yes,1,Graduate,No,3750,0.0,116.0,360.0,1.0,Semiurban,Y,116000.0,Married,3750000,,0.0,3750000.0,0.030933333333333334
Male,No,0,Not Graduate,No,2333,1451.0,102.0,480.0,0.0,Urban,N,102000.0,Unmarried,2333000,,1451000.0,3784000.0,0.026955602536997886
Male,Yes,1,Graduate,No,6400,7250.0,180.0,360.0,0.0,Urban,N,180000.0,Married,6400000,,7250000.0,13650000.0,0.013186813186813187
Male,No,0,Graduate,No,1916,5063.0,67.0,360.0,1.0,Rural,N,67000.0,Unmarried,1916000,,5063000.0,6979000.0,0.00960022925920619
Male,Yes,0,Graduate,No,4600,0.0,73.0,180.0,1.0,Semiurban,Y,73000.0,Married,4600000,,0.0,4600000.0,0.015869565217391305
Male,Yes,1,Graduate,No,33846,0.0,260.0,360.0,1.0,Semiurban,N,260000.0,Married,33846000,,0.0,33846000.0,0.00768185309933227
Female,Yes,0,Graduate,No,3625,0.0,108.0,360.0,1.0,Semiurban,Y,108000.0,Married,3625000,,0.0,3625000.0,0.029793103448275862
Male,Yes,0,Graduate,Yes,39147,4750.0,120.0,360.0,1.0,Semiurban,Y,120000.0,Married,39147000,,4750000.0,43897000.0,0.0027336720049206094
Male,Yes,1,Graduate,Yes,2178,0.0,66.0,300.0,0.0,Rural,N,66000.0,Married,2178000,,0.0,2178000.0,0.030303030303030304
Male,Yes,0,Graduate,No,2383,2138.0,58.0,360.0,1.0,Rural,Y,58000.0,Married,2383000,,2138000.0,4521000.0,0.012829020128290201
Male,Yes,0,Graduate,Yes,674,5296.0,168.0,360.0,1.0,Rural,Y,168000.0,Married,674000,6-7L,5296000.0,5970000.0,0.02814070351758794
Male,Yes,0,Graduate,No,9328,0.0,188.0,180.0,1.0,Rural,Y,188000.0,Married,9328000,,0.0,9328000.0,0.020154373927958835
Male,No,0,Not Graduate,No,4885,0.0,48.0,360.0,1.0,Rural,Y,48000.0,Unmarried,4885000,,0.0,4885000.0,0.009825997952917094
Male,No,0,Graduate,No,12000,0.0,164.0,360.0,1.0,Semiurban,N,164000.0,Unmarried,12000000,,0.0,12000000.0,0.013666666666666667
Male,Yes,0,Not Graduate,No,6033,0.0,160.0,360.0,1.0,Urban,N,160000.0,Married,6033000,,0.0,6033000.0,0.026520802254268193
Male,No,0,Graduate,No,3858,0.0,76.0,360.0,1.0,Semiurban,Y,76000.0,Unmarried,3858000,,0.0,3858000.0,0.019699326075686883
Male,No,0,Graduate,No,4191,0.0,120.0,360.0,1.0,Rural,Y,120000.0,Unmarried,4191000,,0.0,4191000.0,0.02863278453829635
Male,Yes,1,Graduate,No,3125,2583.0,170.0,360.0,1.0,Semiurban,N,170000.0,Married,3125000,,2583000.0,5708000.0,0.029782761037140854
Male,No,0,Graduate,No,8333,3750.0,187.0,360.0,1.0,Rural,Y,187000.0,Unmarried,8333000,,3750000.0,12083000.0,0.015476289001075892
Female,No,0,Not Graduate,No,1907,2365.0,120.0,360.0,1.0,Urban,Y,120000.0,Unmarried,1907000,,2365000.0,4272000.0,0.028089887640449437
Female,Yes,0,Graduate,No,3416,2816.0,113.0,360.0,1.0,Semiurban,Y,113000.0,Married,3416000,,2816000.0,6232000.0,0.01813222079589217
Male,No,0,Graduate,Yes,11000,0.0,83.0,360.0,1.0,Urban,N,83000.0,Unmarried,11000000,,0.0,11000000.0,0.007545454545454545
Male,Yes,1,Not Graduate,No,2600,2500.0,90.0,360.0,1.0,Semiurban,Y,90000.0,Married,2600000,,2500000.0,5100000.0,0.01764705882352941
Male,No,2,Graduate,No,4923,0.0,166.0,360.0,0.0,Semiurban,Y,166000.0,Unmarried,4923000,,0.0,4923000.0,0.03371927686370099
Male,Yes,4,Not Graduate,No,3992,0.0,128.0,180.0,1.0,Urban,N,128000.0,Married,3992000,,0.0,3992000.0,0.03206412825651302
Male,Yes,1,Not Graduate,No,3500,1083.0,135.0,360.0,1.0,Urban,Y,135000.0,Married,3500000,,1083000.0,4583000.0,0.029456687759109753
Male,Yes,2,Not Graduate,No,3917,0.0,124.0,360.0,1.0,Semiurban,Y,124000.0,Married,3917000,,0.0,3917000.0,0.03165688026550932
Female,No,0,Not Graduate,No,4408,0.0,120.0,360.0,1.0,Semiurban,Y,120000.0,Unmarried,4408000,,0.0,4408000.0,0.02722323049001815
Female,No,0,Graduate,No,3244,0.0,80.0,360.0,1.0,Urban,Y,80000.0,Unmarried,3244000,,0.0,3244000.0,0.02466091245376079
Male,No,0,Not Graduate,No,3975,2531.0,55.0,360.0,1.0,Rural,Y,55000.0,Unmarried,3975000,,2531000.0,6506000.0,0.008453735013833385
Male,No,0,Graduate,No,2479,0.0,59.0,360.0,1.0,Urban,Y,59000.0,Unmarried,2479000,,0.0,2479000.0,0.02379991932230738
Male,No,0,Graduate,No,3418,0.0,127.0,360.0,1.0,Semiurban,N,127000.0,Unmarried,3418000,,0.0,3418000.0,0.0371562317144529
Female,No,0,Graduate,No,10000,0.0,214.0,360.0,1.0,Semiurban,N,214000.0,Unmarried,10000000,,0.0,10000000.0,0.0214
Male,Yes,4,Graduate,No,3430,1250.0,128.0,360.0,0.0,Semiurban,N,128000.0,Married,3430000,,1250000.0,4680000.0,0.02735042735042735
Male,Yes,1,Graduate,Yes,7787,0.0,240.0,360.0,1.0,Urban,Y,240000.0,Married,7787000,,0.0,7787000.0,0.030820598433286245
Male,Yes,4,Not Graduate,Yes,5703,0.0,130.0,360.0,1.0,Rural,Y,130000.0,Married,5703000,,0.0,5703000.0,0.02279502016482553
Male,Yes,0,Graduate,No,3173,3021.0,137.0,360.0,1.0,Urban,Y,137000.0,Married,3173000,,3021000.0,6194000.0,0.022118178882789795
Male,Yes,4,Not Graduate,No,3850,983.0,100.0,360.0,1.0,Semiurban,Y,100000.0,Married,3850000,,983000.0,4833000.0,0.02069108214359611
Male,Yes,0,Graduate,No,150,1800.0,135.0,360.0,1.0,Rural,N,135000.0,Married,150000,1-2L,1800000.0,1950000.0,0.06923076923076923
Male,Yes,0,Graduate,No,3727,1775.0,131.0,360.0,1.0,Semiurban,Y,131000.0,Married,3727000,,1775000.0,5502000.0,0.023809523809523808
Male,Yes,2,Graduate,No,5000,0.0,72.0,360.0,0.0,Semiurban,N,72000.0,Married,5000000,,0.0,5000000.0,0.0144
Female,Yes,2,Graduate,No,4283,2383.0,127.0,360.0,1.0,Semiurban,Y,127000.0,Married,4283000,,2383000.0,6666000.0,0.019051905190519053
Male,Yes,0,Graduate,No,2221,0.0,60.0,360.0,0.0,Urban,N,60000.0,Married,2221000,,0.0,2221000.0,0.0270148581719946
Male,Yes,2,Graduate,No,4009,1717.0,116.0,360.0,1.0,Semiurban,Y,116000.0,Married,4009000,,1717000.0,5726000.0,0.020258470136220747
Male,No,0,Graduate,No,2971,2791.0,144.0,360.0,1.0,Semiurban,Y,144000.0,Unmarried,2971000,,2791000.0,5762000.0,0.024991322457480043
Male,Yes,0,Graduate,No,7578,1010.0,175.0,360.0,1.0,Semiurban,Y,175000.0,Married,7578000,,1010000.0,8588000.0,0.0203772706101537
Male,Yes,0,Graduate,No,6250,0.0,128.0,360.0,1.0,Semiurban,Y,128000.0,Married,6250000,,0.0,6250000.0,0.02048
Male,Yes,0,Graduate,No,3250,0.0,170.0,360.0,1.0,Rural,N,170000.0,Married,3250000,,0.0,3250000.0,0.052307692307692305
Male,Yes,0,Not Graduate,Yes,4735,0.0,138.0,360.0,1.0,Urban,N,138000.0,Married,4735000,,0.0,4735000.0,0.02914466737064414
Male,Yes,2,Graduate,No,6250,1695.0,210.0,360.0,1.0,Semiurban,Y,210000.0,Married,6250000,,1695000.0,7945000.0,0.02643171806167401
Male,Yes,0,Graduate,No,4758,0.0,158.0,480.0,1.0,Semiurban,Y,158000.0,Married,4758000,,0.0,4758000.0,0.0332072299285414
Male,No,0,Graduate,Yes,6400,0.0,200.0,360.0,1.0,Rural,Y,200000.0,Unmarried,6400000,,0.0,6400000.0,0.03125
Male,Yes,1,Graduate,No,2491,2054.0,104.0,360.0,1.0,Semiurban,Y,104000.0,Married,2491000,,2054000.0,4545000.0,0.02288228822882288
Male,Yes,0,Graduate,No,3716,0.0,42.0,180.0,1.0,Rural,Y,42000.0,Married,3716000,,0.0,3716000.0,0.011302475780409042
Male,No,0,Not Graduate,No,3189,2598.0,120.0,360.0,1.0,Rural,Y,120000.0,Unmarried,3189000,,2598000.0,5787000.0,0.020736132711249352
Female,No,0,Graduate,No,8333,0.0,280.0,360.0,1.0,Semiurban,Y,280000.0,Unmarried,8333000,,0.0,8333000.0,0.03360134405376215
Male,Yes,1,Graduate,No,3155,1779.0,140.0,360.0,1.0,Semiurban,Y,140000.0,Married,3155000,,1779000.0,4934000.0,0.02837454398054317
Male,Yes,1,Graduate,No,5500,1260.0,170.0,360.0,1.0,Rural,Y,170000.0,Married,5500000,,1260000.0,6760000.0,0.02514792899408284
Male,Yes,0,Graduate,No,5746,0.0,255.0,360.0,1.0,Urban,N,255000.0,Married,5746000,,0.0,5746000.0,0.04437869822485207
Female,No,0,Graduate,Yes,3463,0.0,122.0,360.0,1.0,Urban,Y,122000.0,Unmarried,3463000,,0.0,3463000.0,0.03522956973722206
Female,No,1,Graduate,No,3812,0.0,112.0,360.0,1.0,Rural,Y,112000.0,Unmarried,3812000,,0.0,3812000.0,0.02938090241343127
Male,Yes,1,Graduate,No,3315,0.0,96.0,360.0,1.0,Semiurban,Y,96000.0,Married,3315000,,0.0,3315000.0,0.02895927601809955
Male,Yes,2,Graduate,No,5819,5000.0,120.0,360.0,1.0,Rural,Y,120000.0,Married,5819000,,5000000.0,10819000.0,0.01109159811442832
Male,Yes,1,Not Graduate,No,2510,1983.0,140.0,180.0,1.0,Urban,N,140000.0,Married,2510000,,1983000.0,4493000.0,0.031159581571333184
Male,No,0,Graduate,No,2965,5701.0,155.0,60.0,1.0,Urban,Y,155000.0,Unmarried,2965000,,5701000.0,8666000.0,0.017885991230094624
Male,Yes,2,Graduate,Yes,6250,1300.0,108.0,360.0,1.0,Rural,Y,108000.0,Married,6250000,,1300000.0,7550000.0,0.014304635761589404
Male,Yes,0,Not Graduate,No,3406,4417.0,123.0,360.0,1.0,Semiurban,Y,123000.0,Married,3406000,,4417000.0,7823000.0,0.01572286846478333
Male,No,0,Graduate,Yes,6050,4333.0,120.0,180.0,1.0,Urban,N,120000.0,Unmarried,6050000,,4333000.0,10383000.0,0.011557353366079168
Male,Yes,2,Graduate,No,9703,0.0,112.0,360.0,1.0,Urban,Y,112000.0,Married,9703000,,0.0,9703000.0,0.011542821807688343
Male,Yes,1,Not Graduate,No,6608,0.0,137.0,180.0,1.0,Urban,Y,137000.0,Married,6608000,,0.0,6608000.0,0.020732445520581115
Male,Yes,1,Graduate,No,2882,1843.0,123.0,480.0,1.0,Semiurban,Y,123000.0,Married,2882000,,1843000.0,4725000.0,0.02603174603174603
Male,Yes,0,Graduate,No,1809,1868.0,90.0,360.0,1.0,Urban,Y,90000.0,Married,1809000,,1868000.0,3677000.0,0.024476475387544192
Male,Yes,0,Not Graduate,No,1668,3890.0,201.0,360.0,0.0,Semiurban,N,201000.0,Married,1668000,,3890000.0,5558000.0,0.0361640878013674
Female,No,2,Graduate,No,3427,0.0,138.0,360.0,1.0,Urban,N,138000.0,Unmarried,3427000,,0.0,3427000.0,0.040268456375838924
Male,No,0,Not Graduate,Yes,2583,2167.0,104.0,360.0,1.0,Rural,Y,104000.0,Unmarried,2583000,,2167000.0,4750000.0,0.021894736842105262
Male,Yes,1,Not Graduate,No,2661,7101.0,279.0,180.0,1.0,Semiurban,Y,279000.0,Married,2661000,,7101000.0,9762000.0,0.02858020897357099
Male,No,0,Graduate,Yes,16250,0.0,192.0,360.0,0.0,Urban,N,192000.0,Unmarried,16250000,,0.0,16250000.0,0.011815384615384615
Female,No,4,Graduate,No,3083,0.0,255.0,360.0,1.0,Rural,Y,255000.0,Unmarried,3083000,,0.0,3083000.0,0.08271164450210834
Male,No,0,Not Graduate,No,6045,0.0,115.0,360.0,0.0,Rural,N,115000.0,Unmarried,6045000,,0.0,6045000.0,0.01902398676592225
Male,Yes,4,Graduate,No,5250,0.0,94.0,360.0,1.0,Urban,N,94000.0,Married,5250000,,0.0,5250000.0,0.017904761904761906
Male,Yes,0,Graduate,No,14683,2100.0,304.0,360.0,1.0,Rural,N,304000.0,Married,14683000,,2100000.0,16783000.0,0.018113567300244295
Male,Yes,4,Not Graduate,No,4931,0.0,128.0,360.0,1.0,Semiurban,N,128000.0,Married,4931000,,0.0,4931000.0,0.02595822348408031
Male,Yes,1,Graduate,No,6083,4250.0,330.0,360.0,1.0,Urban,Y,330000.0,Married,6083000,,4250000.0,10333000.0,0.03193651408109939
Male,No,0,Graduate,No,2060,2209.0,134.0,360.0,1.0,Semiurban,Y,134000.0,Unmarried,2060000,,2209000.0,4269000.0,0.03138908409463575
Female,No,1,Graduate,No,3481,0.0,155.0,36.0,1.0,Semiurban,N,155000.0,Unmarried,3481000,,0.0,3481000.0,0.04452743464521689
Female,No,0,Graduate,No,7200,0.0,120.0,360.0,1.0,Rural,Y,120000.0,Unmarried,7200000,,0.0,7200000.0,0.016666666666666666
Male,No,0,Graduate,Yes,5166,0.0,128.0,360.0,1.0,Semiurban,Y,128000.0,Unmarried,5166000,,0.0,5166000.0,0.024777390631049168
Male,No,0,Graduate,No,4095,3447.0,151.0,360.0,1.0,Rural,Y,151000.0,Unmarried,4095000,,3447000.0,7542000.0,0.02002121453195439
Male,Yes,2,Graduate,No,4708,1387.0,150.0,360.0,1.0,Semiurban,Y,150000.0,Married,4708000,,1387000.0,6095000.0,0.02461033634126333
Male,Yes,4,Graduate,No,4333,1811.0,160.0,360.0,0.0,Urban,Y,160000.0,Married,4333000,,1811000.0,6144000.0,0.026041666666666668
Female,No,0,Graduate,No,3418,0.0,135.0,360.0,1.0,Rural,N,135000.0,Unmarried,3418000,,0.0,3418000.0,0.03949678174370977
Female,No,1,Graduate,No,2876,1560.0,90.0,360.0,1.0,Urban,Y,90000.0,Unmarried,2876000,,1560000.0,4436000.0,0.02028854824165915
Female,No,0,Graduate,No,3237,0.0,30.0,360.0,1.0,Urban,Y,30000.0,Unmarried,3237000,,0.0,3237000.0,0.009267840593141797
Male,Yes,0,Graduate,No,11146,0.0,136.0,360.0,1.0,Urban,Y,136000.0,Married,11146000,,0.0,11146000.0,0.012201686703750225
Male,No,0,Graduate,No,2833,1857.0,126.0,360.0,1.0,Rural,Y,126000.0,Unmarried,2833000,,1857000.0,4690000.0,0.026865671641791045
Male,Yes,0,Graduate,No,2620,2223.0,150.0,360.0,1.0,Semiurban,Y,150000.0,Married,2620000,,2223000.0,4843000.0,0.03097253768325418
Male,Yes,2,Graduate,No,3900,0.0,90.0,360.0,1.0,Semiurban,Y,90000.0,Married,3900000,,0.0,3900000.0,0.023076923076923078
Male,Yes,1,Graduate,No,2750,1842.0,115.0,360.0,1.0,Semiurban,Y,115000.0,Married,2750000,,1842000.0,4592000.0,0.02504355400696864
Male,Yes,0,Graduate,No,3993,3274.0,207.0,360.0,1.0,Semiurban,Y,207000.0,Married,3993000,,3274000.0,7267000.0,0.02848493188385854
Male,Yes,0,Graduate,No,3103,1300.0,80.0,360.0,1.0,Urban,Y,80000.0,Married,3103000,,1300000.0,4403000.0,0.018169429934135818
Male,Yes,0,Graduate,No,14583,0.0,436.0,360.0,1.0,Semiurban,Y,436000.0,Married,14583000,,0.0,14583000.0,0.02989782623602825
Female,Yes,0,Not Graduate,No,4100,0.0,124.0,360.0,1.0,Rural,Y,124000.0,Married,4100000,,0.0,4100000.0,0.03024390243902439
Male,No,1,Not Graduate,Yes,4053,2426.0,158.0,360.0,0.0,Urban,N,158000.0,Unmarried,4053000,,2426000.0,6479000.0,0.02438647939496836
Male,Yes,0,Graduate,No,3927,800.0,112.0,360.0,1.0,Semiurban,Y,112000.0,Married,3927000,,800000.0,4727000.0,0.0236936746350751
Male,Yes,2,Graduate,No,2301,985.7999878,78.0,180.0,1.0,Urban,Y,78000.0,Married,2301000,,985799.9878,3286799.9878000002,0.023731288879615953
Female,No,0,Graduate,No,1811,1666.0,54.0,360.0,1.0,Urban,Y,54000.0,Unmarried,1811000,,1666000.0,3477000.0,0.015530629853321829
Male,Yes,0,Graduate,No,20667,0.0,128.0,360.0,1.0,Rural,N,128000.0,Married,20667000,,0.0,20667000.0,0.006193448492766246
Male,No,0,Graduate,No,3158,3053.0,89.0,360.0,1.0,Rural,Y,89000.0,Unmarried,3158000,,3053000.0,6211000.0,0.014329415553051039
Female,No,0,Graduate,Yes,2600,1717.0,99.0,300.0,1.0,Semiurban,N,99000.0,Unmarried,2600000,,1717000.0,4317000.0,0.022932592077831826
Male,Yes,0,Graduate,No,3704,2000.0,120.0,360.0,1.0,Rural,Y,120000.0,Married,3704000,,2000000.0,5704000.0,0.021037868162692847
Female,No,0,Graduate,No,4124,0.0,115.0,360.0,1.0,Semiurban,Y,115000.0,Unmarried,4124000,,0.0,4124000.0,0.027885548011639186
Male,No,0,Graduate,No,9508,0.0,187.0,360.0,1.0,Rural,Y,187000.0,Unmarried,9508000,,0.0,9508000.0,0.019667648296171646
Male,Yes,0,Graduate,No,3075,2416.0,139.0,360.0,1.0,Rural,Y,139000.0,Married,3075000,,2416000.0,5491000.0,0.025314150427973046
Male,Yes,2,Graduate,No,4400,0.0,127.0,360.0,0.0,Semiurban,N,127000.0,Married,4400000,,0.0,4400000.0,0.028863636363636362
Male,Yes,2,Graduate,No,3153,1560.0,134.0,360.0,1.0,Urban,Y,134000.0,Married,3153000,,1560000.0,4713000.0,0.028431996605134735
Female,No,0,Graduate,No,5417,0.0,143.0,480.0,0.0,Urban,N,143000.0,Unmarried,5417000,,0.0,5417000.0,0.026398375484585564
Male,Yes,0,Graduate,No,2383,3334.0,172.0,360.0,1.0,Semiurban,Y,172000.0,Married,2383000,,3334000.0,5717000.0,0.03008570928808816
Male,Yes,4,Graduate,No,4416,1250.0,110.0,360.0,1.0,Urban,Y,110000.0,Married,4416000,,1250000.0,5666000.0,0.01941404871161313
Male,Yes,1,Graduate,No,6875,0.0,200.0,360.0,1.0,Semiurban,Y,200000.0,Married,6875000,,0.0,6875000.0,0.02909090909090909
Female,Yes,1,Graduate,No,4666,0.0,135.0,360.0,1.0,Urban,Y,135000.0,Married,4666000,,0.0,4666000.0,0.028932704672096014
Female,No,0,Graduate,No,5000,2541.0,151.0,480.0,1.0,Rural,N,151000.0,Unmarried,5000000,,2541000.0,7541000.0,0.020023869513327144
Male,Yes,1,Graduate,No,2014,2925.0,113.0,360.0,1.0,Urban,N,113000.0,Married,2014000,,2925000.0,4939000.0,0.02287912532901397
Male,Yes,0,Not Graduate,No,1800,2934.0,93.0,360.0,0.0,Urban,N,93000.0,Married,1800000,,2934000.0,4734000.0,0.01964512040557668
Male,Yes,0,Not Graduate,No,2875,1750.0,105.0,360.0,1.0,Semiurban,Y,105000.0,Married,2875000,,1750000.0,4625000.0,0.022702702702702703
Female,No,0,Graduate,No,5000,0.0,132.0,360.0,1.0,Rural,Y,132000.0,Unmarried,5000000,,0.0,5000000.0,0.0264
Male,Yes,1,Graduate,No,1625,1803.0,96.0,360.0,1.0,Urban,Y,96000.0,Married,1625000,,1803000.0,3428000.0,0.028004667444574097
Male,No,0,Graduate,No,4000,2500.0,140.0,360.0,1.0,Rural,Y,140000.0,Unmarried,4000000,,2500000.0,6500000.0,0.021538461538461538
Male,No,0,Not Graduate,No,2000,0.0,128.0,360.0,1.0,Urban,N,128000.0,Unmarried,2000000,,0.0,2000000.0,0.064
Female,No,0,Graduate,No,3762,1666.0,135.0,360.0,1.0,Rural,Y,135000.0,Unmarried,3762000,,1666000.0,5428000.0,0.024871039056742816
Female,No,0,Graduate,No,2400,1863.0,104.0,360.0,0.0,Urban,N,104000.0,Unmarried,2400000,,1863000.0,4263000.0,0.02439596528266479
Male,No,0,Graduate,No,20233,0.0,480.0,360.0,1.0,Rural,N,480000.0,Unmarried,20233000,,0.0,20233000.0,0.02372361982899224
Male,Yes,2,Not Graduate,No,7667,0.0,185.0,360.0,1.0,Rural,Y,185000.0,Married,7667000,,0.0,7667000.0,0.024129385678883526
Female,No,0,Graduate,No,2917,0.0,84.0,360.0,1.0,Semiurban,Y,84000.0,Unmarried,2917000,,0.0,2917000.0,0.028796708947548853
Male,No,0,Not Graduate,No,2927,2405.0,111.0,360.0,1.0,Semiurban,Y,111000.0,Unmarried,2927000,,2405000.0,5332000.0,0.020817704426106528
Female,No,0,Graduate,No,2507,0.0,56.0,360.0,1.0,Rural,Y,56000.0,Unmarried,2507000,,0.0,2507000.0,0.022337455125648185
Male,Yes,2,Graduate,Yes,5746,0.0,144.0,84.0,1.0,Rural,Y,144000.0,Married,5746000,,0.0,5746000.0,0.025060911938739994
Male,Yes,0,Graduate,No,2473,1843.0,159.0,360.0,1.0,Rural,N,159000.0,Married,2473000,,1843000.0,4316000.0,0.036839666357738644
Male,Yes,1,Not Graduate,No,3399,1640.0,111.0,180.0,1.0,Urban,Y,111000.0,Married,3399000,,1640000.0,5039000.0,0.022028180194483032
Male,Yes,2,Graduate,No,3717,0.0,120.0,360.0,1.0,Semiurban,Y,120000.0,Married,3717000,,0.0,3717000.0,0.03228410008071025
Male,Yes,0,Graduate,No,2058,2134.0,88.0,360.0,1.0,Urban,Y,88000.0,Married,2058000,,2134000.0,4192000.0,0.02099236641221374
Female,No,1,Graduate,No,3541,0.0,112.0,360.0,1.0,Semiurban,Y,112000.0,Unmarried,3541000,,0.0,3541000.0,0.031629483196837054
Male,Yes,1,Graduate,Yes,10000,0.0,155.0,360.0,1.0,Rural,N,155000.0,Married,10000000,,0.0,10000000.0,0.0155
Male,Yes,0,Graduate,No,2400,2167.0,115.0,360.0,1.0,Semiurban,Y,115000.0,Married,2400000,,2167000.0,4567000.0,0.025180643748631486
Male,Yes,4,Graduate,No,4342,189.0,124.0,360.0,1.0,Semiurban,Y,124000.0,Married,4342000,,189000.0,4531000.0,0.027367027146325315
Male,Yes,2,Not Graduate,No,3601,1590.0,128.0,360.0,1.0,Rural,Y,128000.0,Married,3601000,,1590000.0,5191000.0,0.024658062030437296
Female,No,0,Graduate,No,3166,2985.0,132.0,360.0,1.0,Rural,Y,132000.0,Unmarried,3166000,,2985000.0,6151000.0,0.021459925215412127
Male,Yes,4,Graduate,No,15000,0.0,300.0,360.0,1.0,Rural,Y,300000.0,Married,15000000,,0.0,15000000.0,0.02
Male,Yes,1,Graduate,Yes,8666,4983.0,376.0,360.0,0.0,Rural,N,376000.0,Married,8666000,,4983000.0,13649000.0,0.027547805700051286
Male,No,0,Graduate,No,4917,0.0,130.0,360.0,0.0,Rural,Y,130000.0,Unmarried,4917000,,0.0,4917000.0,0.026438885499288182
Male,Yes,0,Graduate,Yes,5818,2160.0,184.0,360.0,1.0,Semiurban,Y,184000.0,Married,5818000,,2160000.0,7978000.0,0.023063424417147156
Female,Yes,0,Graduate,No,4333,2451.0,110.0,360.0,1.0,Urban,N,110000.0,Married,4333000,,2451000.0,6784000.0,0.016214622641509434
Female,No,0,Graduate,No,2500,0.0,67.0,360.0,1.0,Urban,Y,67000.0,Unmarried,2500000,,0.0,2500000.0,0.0268
Male,No,1,Graduate,No,4384,1793.0,117.0,360.0,1.0,Urban,Y,117000.0,Unmarried,4384000,,1793000.0,6177000.0,0.01894123360854784
Male,No,0,Graduate,No,2935,0.0,98.0,360.0,1.0,Semiurban,Y,98000.0,Unmarried,2935000,,0.0,2935000.0,0.03339011925042589
Male,No,0,Graduate,No,2833,0.0,71.0,360.0,1.0,Urban,Y,71000.0,Unmarried,2833000,,0.0,2833000.0,0.025061771973173313
Male,Yes,0,Graduate,No,63337,0.0,490.0,180.0,1.0,Urban,Y,490000.0,Married,63337000,,0.0,63337000.0,0.007736394208756335
Male,Yes,1,Graduate,Yes,9833,1833.0,182.0,180.0,1.0,Urban,Y,182000.0,Married,9833000,,1833000.0,11666000.0,0.015600891479513115
Male,Yes,0,Graduate,Yes,5503,4490.0,70.0,360.0,1.0,Semiurban,Y,70000.0,Married,5503000,,4490000.0,9993000.0,0.007004903432402682
Male,Yes,1,Graduate,No,5250,688.0,160.0,360.0,1.0,Rural,Y,160000.0,Married,5250000,,688000.0,5938000.0,0.02694509936005389
Male,Yes,2,Graduate,Yes,2500,4600.0,176.0,360.0,1.0,Rural,Y,176000.0,Married,2500000,,4600000.0,7100000.0,0.024788732394366197
Female,No,4,Not Graduate,No,1830,0.0,128.0,360.0,0.0,Urban,N,128000.0,Unmarried,1830000,,0.0,1830000.0,0.06994535519125683
Female,No,0,Graduate,No,4160,0.0,71.0,360.0,1.0,Semiurban,Y,71000.0,Unmarried,4160000,,0.0,4160000.0,0.01706730769230769
Male,Yes,4,Not Graduate,No,2647,1587.0,173.0,360.0,1.0,Rural,N,173000.0,Married,2647000,,1587000.0,4234000.0,0.040859707132735006
Female,No,0,Graduate,No,2378,0.0,46.0,360.0,1.0,Rural,N,46000.0,Unmarried,2378000,,0.0,2378000.0,0.01934398654331371
Male,Yes,1,Not Graduate,No,4554,1229.0,158.0,360.0,1.0,Urban,Y,158000.0,Married,4554000,,1229000.0,5783000.0,0.027321459450112398
Male,Yes,4,Not Graduate,No,3173,0.0,74.0,360.0,1.0,Semiurban,Y,74000.0,Married,3173000,,0.0,3173000.0,0.023321777497636306
Male,Yes,2,Graduate,No,2583,2330.0,125.0,360.0,1.0,Rural,Y,125000.0,Married,2583000,,2330000.0,4913000.0,0.0254427030327702
Male,Yes,0,Graduate,No,2499,2458.0,160.0,360.0,1.0,Semiurban,Y,160000.0,Married,2499000,,2458000.0,4957000.0,0.03227758725035303
Male,Yes,0,Not Graduate,No,3523,3230.0,152.0,360.0,0.0,Rural,N,152000.0,Married,3523000,,3230000.0,6753000.0,0.02250851473419221
Male,Yes,2,Not Graduate,No,3083,2168.0,126.0,360.0,1.0,Urban,Y,126000.0,Married,3083000,,2168000.0,5251000.0,0.023995429442011044
Male,Yes,0,Graduate,No,6333,4583.0,259.0,360.0,1.0,Semiurban,Y,259000.0,Married,6333000,,4583000.0,10916000.0,0.02372663979479663
Male,Yes,0,Graduate,No,2625,6250.0,187.0,360.0,1.0,Rural,Y,187000.0,Married,2625000,,6250000.0,8875000.0,0.021070422535211266
Male,Yes,0,Graduate,No,9083,0.0,228.0,360.0,1.0,Semiurban,Y,228000.0,Married,9083000,,0.0,9083000.0,0.025101838599581636
Male,No,0,Graduate,No,8750,4167.0,308.0,360.0,1.0,Rural,N,308000.0,Unmarried,8750000,,4167000.0,12917000.0,0.023844545947201364
Male,Yes,4,Graduate,No,2666,2083.0,95.0,360.0,1.0,Rural,Y,95000.0,Married,2666000,,2083000.0,4749000.0,0.02000421141292904
Female,Yes,0,Graduate,Yes,5500,0.0,105.0,360.0,0.0,Rural,N,105000.0,Married,5500000,,0.0,5500000.0,0.019090909090909092
Female,Yes,0,Graduate,No,2423,505.0,130.0,360.0,1.0,Semiurban,Y,130000.0,Married,2423000,,505000.0,2928000.0,0.04439890710382514
Female,No,0,Graduate,No,3813,0.0,116.0,180.0,1.0,Urban,Y,116000.0,Unmarried,3813000,,0.0,3813000.0,0.03042223970626803
Male,Yes,2,Graduate,No,8333,3167.0,165.0,360.0,1.0,Rural,Y,165000.0,Married,8333000,,3167000.0,11500000.0,0.014347826086956521
Male,Yes,1,Graduate,No,3875,0.0,67.0,360.0,1.0,Urban,N,67000.0,Married,3875000,,0.0,3875000.0,0.01729032258064516
Male,Yes,0,Not Graduate,No,3000,1666.0,100.0,480.0,0.0,Urban,N,100000.0,Married,3000000,,1666000.0,4666000.0,0.021431633090441493
Male,Yes,4,Graduate,No,5167,3167.0,200.0,360.0,1.0,Semiurban,Y,200000.0,Married,5167000,,3167000.0,8334000.0,0.023998080153587713
Female,No,1,Graduate,No,4723,0.0,81.0,360.0,1.0,Semiurban,N,81000.0,Unmarried,4723000,,0.0,4723000.0,0.017150116451408005
Male,Yes,2,Graduate,No,5000,3667.0,236.0,360.0,1.0,Semiurban,Y,236000.0,Married,5000000,,3667000.0,8667000.0,0.027229721933771777
Male,Yes,0,Graduate,No,4750,2333.0,130.0,360.0,1.0,Urban,Y,130000.0,Married,4750000,,2333000.0,7083000.0,0.01835380488493576
Male,Yes,0,Graduate,No,3013,3033.0,95.0,300.0,1.0,Urban,Y,95000.0,Married,3013000,,3033000.0,6046000.0,0.0157128680119087
Male,No,0,Graduate,Yes,6822,0.0,141.0,360.0,1.0,Rural,Y,141000.0,Unmarried,6822000,,0.0,6822000.0,0.020668425681618294
Male,No,0,Not Graduate,No,6216,0.0,133.0,360.0,1.0,Rural,N,133000.0,Unmarried,6216000,,0.0,6216000.0,0.021396396396396396
Male,No,0,Graduate,No,2500,0.0,96.0,480.0,1.0,Semiurban,N,96000.0,Unmarried,2500000,,0.0,2500000.0,0.0384
Male,No,0,Graduate,No,5124,0.0,124.0,360.0,0.0,Rural,N,124000.0,Unmarried,5124000,,0.0,5124000.0,0.02419984387197502
Male,Yes,1,Graduate,No,6325,0.0,175.0,360.0,1.0,Semiurban,Y,175000.0,Married,6325000,,0.0,6325000.0,0.02766798418972332
Male,Yes,0,Graduate,No,19730,5266.0,570.0,360.0,1.0,Rural,N,570000.0,Married,19730000,,5266000.0,24996000.0,0.022803648583773404
Female,No,0,Graduate,Yes,15759,0.0,55.0,360.0,1.0,Semiurban,Y,55000.0,Unmarried,15759000,,0.0,15759000.0,0.0034900691668253063
Male,Yes,2,Graduate,No,5185,0.0,155.0,360.0,1.0,Semiurban,Y,155000.0,Married,5185000,,0.0,5185000.0,0.029893924783027964
Male,Yes,2,Graduate,Yes,9323,7873.0,380.0,300.0,1.0,Rural,Y,380000.0,Married,9323000,,7873000.0,17196000.0,0.02209816236334031
Male,No,1,Graduate,No,3062,1987.0,111.0,180.0,0.0,Urban,N,111000.0,Unmarried,3062000,,1987000.0,5049000.0,0.021984551396316103
Female,No,0,Graduate,No,2764,1459.0,110.0,360.0,1.0,Urban,Y,110000.0,Unmarried,2764000,,1459000.0,4223000.0,0.02604783329386692
Male,Yes,0,Graduate,No,4817,923.0,120.0,180.0,1.0,Urban,Y,120000.0,Married,4817000,,923000.0,5740000.0,0.020905923344947737
Male,Yes,4,Graduate,No,8750,4996.0,130.0,360.0,1.0,Rural,Y,130000.0,Married,8750000,,4996000.0,13746000.0,0.009457296668121635
Male,Yes,0,Graduate,No,4310,0.0,130.0,360.0,1.0,Semiurban,Y,130000.0,Married,4310000,,0.0,4310000.0,0.030162412993039442
Male,No,0,Graduate,No,3069,0.0,71.0,480.0,1.0,Urban,N,71000.0,Unmarried,3069000,,0.0,3069000.0,0.023134571521668295
Male,Yes,2,Graduate,No,5391,0.0,130.0,360.0,1.0,Urban,Y,130000.0,Married,5391000,,0.0,5391000.0,0.024114264514932295
Male,Yes,0,Graduate,No,3333,2500.0,128.0,360.0,1.0,Semiurban,Y,128000.0,Married,3333000,,2500000.0,5833000.0,0.021944111092062405
Male,No,0,Graduate,No,5941,4232.0,296.0,360.0,1.0,Semiurban,Y,296000.0,Unmarried,5941000,,4232000.0,10173000.0,0.029096628329892852
Female,No,0,Graduate,No,6000,0.0,156.0,360.0,1.0,Urban,Y,156000.0,Unmarried,6000000,,0.0,6000000.0,0.026
Male,No,0,Graduate,Yes,7167,0.0,128.0,360.0,1.0,Urban,Y,128000.0,Unmarried,7167000,,0.0,7167000.0,0.017859634435607646
Male,Yes,2,Graduate,No,4566,0.0,100.0,360.0,1.0,Urban,N,100000.0,Married,4566000,,0.0,4566000.0,0.021901007446342532
Male,No,1,Graduate,No,3667,0.0,113.0,180.0,1.0,Urban,Y,113000.0,Unmarried,3667000,,0.0,3667000.0,0.030815380419961822
Male,No,0,Not Graduate,No,2346,1600.0,132.0,360.0,1.0,Semiurban,Y,132000.0,Unmarried,2346000,,1600000.0,3946000.0,0.03345159655347187
Male,Yes,0,Not Graduate,No,3010,3136.0,128.0,360.0,0.0,Urban,N,128000.0,Married,3010000,,3136000.0,6146000.0,0.02082655385616661
Male,Yes,0,Graduate,No,2333,2417.0,136.0,360.0,1.0,Urban,Y,136000.0,Married,2333000,,2417000.0,4750000.0,0.02863157894736842
Male,Yes,0,Graduate,No,5488,0.0,125.0,360.0,1.0,Rural,Y,125000.0,Married,5488000,,0.0,5488000.0,0.022776967930029153
Male,No,4,Graduate,No,9167,0.0,185.0,360.0,1.0,Rural,Y,185000.0,Unmarried,9167000,,0.0,9167000.0,0.020181084324206393
Male,Yes,4,Graduate,No,9504,0.0,275.0,360.0,1.0,Rural,Y,275000.0,Married,9504000,,0.0,9504000.0,0.028935185185185185
Male,Yes,0,Graduate,No,2583,2115.0,120.0,360.0,1.0,Urban,Y,120000.0,Married,2583000,,2115000.0,4698000.0,0.02554278416347382
Male,Yes,2,Not Graduate,No,1993,1625.0,113.0,180.0,1.0,Semiurban,Y,113000.0,Married,1993000,,1625000.0,3618000.0,0.03123272526257601
Male,Yes,2,Graduate,No,3100,1400.0,113.0,360.0,1.0,Urban,Y,113000.0,Married,3100000,,1400000.0,4500000.0,0.025111111111111112
Male,Yes,2,Graduate,No,3276,484.0,135.0,360.0,1.0,Semiurban,Y,135000.0,Married,3276000,,484000.0,3760000.0,0.03590425531914894
Female,No,0,Graduate,No,3180,0.0,71.0,360.0,0.0,Urban,N,71000.0,Unmarried,3180000,,0.0,3180000.0,0.02232704402515723
Male,Yes,0,Graduate,No,3033,1459.0,95.0,360.0,1.0,Urban,Y,95000.0,Married,3033000,,1459000.0,4492000.0,0.021148708815672306
Male,No,0,Not Graduate,No,3902,1666.0,109.0,360.0,1.0,Rural,Y,109000.0,Unmarried,3902000,,1666000.0,5568000.0,0.019576149425287355
Female,No,0,Graduate,No,1500,1800.0,103.0,360.0,0.0,Semiurban,N,103000.0,Unmarried,1500000,,1800000.0,3300000.0,0.031212121212121212
Male,Yes,2,Not Graduate,No,2889,0.0,45.0,180.0,0.0,Urban,N,45000.0,Married,2889000,,0.0,2889000.0,0.01557632398753894
Male,No,0,Not Graduate,No,2755,0.0,65.0,300.0,1.0,Rural,N,65000.0,Unmarried,2755000,,0.0,2755000.0,0.023593466424682397
Male,No,0,Graduate,No,2500,20000.0,103.0,360.0,1.0,Semiurban,Y,103000.0,Unmarried,2500000,,20000000.0,22500000.0,0.004577777777777778
Female,No,0,Not Graduate,No,1963,0.0,53.0,360.0,1.0,Semiurban,Y,53000.0,Unmarried,1963000,,0.0,1963000.0,0.026999490575649515
Female,No,0,Graduate,Yes,7441,0.0,194.0,360.0,1.0,Rural,N,194000.0,Unmarried,7441000,,0.0,7441000.0,0.026071764547775836
Female,No,0,Graduate,No,4547,0.0,115.0,360.0,1.0,Semiurban,Y,115000.0,Unmarried,4547000,,0.0,4547000.0,0.025291400923685946
Male,Yes,0,Not Graduate,No,2167,2400.0,115.0,360.0,1.0,Urban,Y,115000.0,Married,2167000,,2400000.0,4567000.0,0.025180643748631486
Female,No,0,Not Graduate,No,2213,0.0,66.0,360.0,1.0,Rural,Y,66000.0,Unmarried,2213000,,0.0,2213000.0,0.0298237686398554
Male,Yes,1,Graduate,No,8300,0.0,152.0,300.0,0.0,Semiurban,N,152000.0,Married,8300000,,0.0,8300000.0,0.018313253012048194
Male,Yes,4,Graduate,No,81000,0.0,360.0,360.0,0.0,Rural,N,360000.0,Married,81000000,,0.0,81000000.0,0.0044444444444444444
Female,No,1,Not Graduate,Yes,3867,0.0,62.0,360.0,1.0,Semiurban,N,62000.0,Unmarried,3867000,,0.0,3867000.0,0.016033100594776313
Male,Yes,0,Graduate,No,6256,0.0,160.0,360.0,1.0,Urban,Y,160000.0,Married,6256000,,0.0,6256000.0,0.02557544757033248
Male,Yes,0,Not Graduate,No,6096,0.0,218.0,360.0,0.0,Rural,N,218000.0,Married,6096000,,0.0,6096000.0,0.035761154855643046
Male,Yes,0,Not Graduate,No,2253,2033.0,110.0,360.0,1.0,Rural,Y,110000.0,Married,2253000,,2033000.0,4286000.0,0.025664955669622024
Female,Yes,0,Not Graduate,No,2149,3237.0,178.0,360.0,0.0,Semiurban,N,178000.0,Married,2149000,,3237000.0,5386000.0,0.03304864463423691
Female,No,0,Graduate,No,2995,0.0,60.0,360.0,1.0,Urban,Y,60000.0,Unmarried,2995000,,0.0,2995000.0,0.02003338898163606
Female,No,1,Graduate,No,2600,0.0,160.0,360.0,1.0,Urban,N,160000.0,Unmarried,2600000,,0.0,2600000.0,0.06153846153846154
Male,Yes,2,Graduate,Yes,1600,20000.0,239.0,360.0,1.0,Urban,N,239000.0,Married,1600000,,20000000.0,21600000.0,0.011064814814814816
Male,Yes,0,Graduate,No,1025,2773.0,112.0,360.0,1.0,Rural,Y,112000.0,Married,1025000,,2773000.0,3798000.0,0.02948920484465508
Male,Yes,0,Graduate,No,3246,1417.0,138.0,360.0,1.0,Semiurban,Y,138000.0,Married,3246000,,1417000.0,4663000.0,0.029594681535492173
Male,Yes,0,Graduate,No,5829,0.0,138.0,360.0,1.0,Rural,Y,138000.0,Married,5829000,,0.0,5829000.0,0.023674729799279464
Female,No,0,Not Graduate,No,2720,0.0,80.0,360.0,0.0,Urban,N,80000.0,Unmarried,2720000,,0.0,2720000.0,0.029411764705882353
Male,Yes,0,Graduate,No,1820,1719.0,100.0,360.0,1.0,Urban,Y,100000.0,Married,1820000,,1719000.0,3539000.0,0.028256569652444195
Male,Yes,1,Graduate,No,7250,1667.0,110.0,360.0,0.0,Urban,N,110000.0,Married,7250000,,1667000.0,8917000.0,0.01233598743972188
Male,Yes,0,Graduate,No,14880,0.0,96.0,360.0,1.0,Semiurban,Y,96000.0,Married,14880000,,0.0,14880000.0,0.0064516129032258064
Male,Yes,0,Graduate,No,2666,4300.0,121.0,360.0,1.0,Rural,Y,121000.0,Married,2666000,,4300000.0,6966000.0,0.01737008326155613
Female,No,1,Not Graduate,No,4606,0.0,81.0,360.0,1.0,Rural,N,81000.0,Unmarried,4606000,,0.0,4606000.0,0.017585757707338254
Male,Yes,2,Graduate,No,5935,0.0,133.0,360.0,1.0,Semiurban,Y,133000.0,Married,5935000,,0.0,5935000.0,0.02240943555181129
Male,Yes,0,Graduate,No,2920,16.12000084,87.0,360.0,1.0,Rural,Y,87000.0,Married,2920000,,16120.000839999999,2936120.00084,0.02963094150617482
Male,No,0,Not Graduate,No,2717,0.0,60.0,180.0,1.0,Urban,Y,60000.0,Unmarried,2717000,,0.0,2717000.0,0.02208317997791682
Female,No,1,Graduate,Yes,8624,0.0,150.0,360.0,1.0,Semiurban,Y,150000.0,Unmarried,8624000,,0.0,8624000.0,0.017393320964749538
Male,No,0,Graduate,No,6500,0.0,105.0,360.0,0.0,Rural,N,105000.0,Unmarried,6500000,,0.0,6500000.0,0.016153846153846154
Male,No,0,Graduate,No,12876,0.0,405.0,360.0,1.0,Semiurban,Y,405000.0,Unmarried,12876000,,0.0,12876000.0,0.03145386766076421
Male,Yes,0,Graduate,No,2425,2340.0,143.0,360.0,1.0,Semiurban,Y,143000.0,Married,2425000,,2340000.0,4765000.0,0.030010493179433367
Male,No,0,Graduate,No,3750,0.0,100.0,360.0,1.0,Urban,Y,100000.0,Unmarried,3750000,,0.0,3750000.0,0.02666666666666667
Female,Yes,0,Graduate,No,10047,0.0,128.0,240.0,1.0,Semiurban,Y,128000.0,Married,10047000,,0.0,10047000.0,0.012740121429282374
Male,No,0,Graduate,No,1926,1851.0,50.0,360.0,1.0,Semiurban,Y,50000.0,Unmarried,1926000,,1851000.0,3777000.0,0.013238019592268996
Male,Yes,0,Graduate,No,2213,1125.0,128.0,360.0,1.0,Urban,Y,128000.0,Married,2213000,,1125000.0,3338000.0,0.03834631515877771
Male,No,0,Graduate,Yes,10416,0.0,187.0,360.0,0.0,Urban,N,187000.0,Unmarried,10416000,,0.0,10416000.0,0.0179531490015361
Female,Yes,0,Not Graduate,Yes,7142,0.0,138.0,360.0,1.0,Rural,Y,138000.0,Married,7142000,,0.0,7142000.0,0.019322318678241388
Male,No,0,Graduate,No,3660,5064.0,187.0,360.0,1.0,Semiurban,Y,187000.0,Unmarried,3660000,,5064000.0,8724000.0,0.021435121503897293
Male,Yes,0,Graduate,No,7901,1833.0,180.0,360.0,1.0,Rural,Y,180000.0,Married,7901000,,1833000.0,9734000.0,0.018491884117526197
Male,No,4,Not Graduate,No,4707,1993.0,148.0,360.0,1.0,Semiurban,Y,148000.0,Unmarried,4707000,,1993000.0,6700000.0,0.02208955223880597
Male,No,1,Graduate,No,37719,0.0,152.0,360.0,1.0,Semiurban,Y,152000.0,Unmarried,37719000,,0.0,37719000.0,0.004029799305389856
Male,Yes,0,Graduate,No,7333,8333.0,175.0,300.0,1.0,Rural,Y,175000.0,Married,7333000,,8333000.0,15666000.0,0.011170688114387846
Male,Yes,1,Graduate,Yes,3466,1210.0,130.0,360.0,1.0,Rural,Y,130000.0,Married,3466000,,1210000.0,4676000.0,0.027801539777587682
Male,Yes,2,Not Graduate,No,4652,0.0,110.0,360.0,1.0,Rural,Y,110000.0,Married,4652000,,0.0,4652000.0,0.023645743766122097
Male,Yes,0,Graduate,No,3539,1376.0,55.0,360.0,1.0,Rural,N,55000.0,Married,3539000,,1376000.0,4915000.0,0.011190233977619531
Male,Yes,2,Graduate,No,3340,1710.0,150.0,360.0,0.0,Rural,N,150000.0,Married,3340000,,1710000.0,5050000.0,0.0297029702970297
Male,No,1,Not Graduate,Yes,2769,1542.0,190.0,360.0,1.0,Semiurban,N,190000.0,Unmarried,2769000,,1542000.0,4311000.0,0.04407330085826954
Male,Yes,2,Not Graduate,No,2309,1255.0,125.0,360.0,0.0,Rural,N,125000.0,Married,2309000,,1255000.0,3564000.0,0.035072951739618406
Male,Yes,2,Not Graduate,No,1958,1456.0,60.0,300.0,1.0,Urban,Y,60000.0,Married,1958000,,1456000.0,3414000.0,0.01757469244288225
Male,Yes,0,Graduate,No,3948,1733.0,149.0,360.0,0.0,Rural,N,149000.0,Married,3948000,,1733000.0,5681000.0,0.02622777679985918
Male,Yes,0,Graduate,No,2483,2466.0,90.0,180.0,0.0,Rural,Y,90000.0,Married,2483000,,2466000.0,4949000.0,0.018185492018589614
Male,No,0,Graduate,Yes,7085,0.0,84.0,360.0,1.0,Semiurban,Y,84000.0,Unmarried,7085000,,0.0,7085000.0,0.011856033874382499
Male,Yes,2,Graduate,No,3859,0.0,96.0,360.0,1.0,Semiurban,Y,96000.0,Married,3859000,,0.0,3859000.0,0.024876911116869654
Male,Yes,0,Graduate,No,4301,0.0,118.0,360.0,1.0,Urban,Y,118000.0,Married,4301000,,0.0,4301000.0,0.027435480120902116
Male,Yes,0,Graduate,No,3708,2569.0,173.0,360.0,1.0,Urban,N,173000.0,Married,3708000,,2569000.0,6277000.0,0.027560936753226063
Male,No,2,Graduate,No,4354,0.0,136.0,360.0,1.0,Rural,Y,136000.0,Unmarried,4354000,,0.0,4354000.0,0.03123564538355535
Male,Yes,0,Graduate,No,8334,0.0,160.0,360.0,1.0,Semiurban,N,160000.0,Married,8334000,,0.0,8334000.0,0.01919846412287017
Male,Yes,0,Graduate,Yes,2083,4083.0,160.0,360.0,1.0,Semiurban,Y,160000.0,Married,2083000,,4083000.0,6166000.0,0.025948751216347713
Male,Yes,4,Graduate,No,7740,0.0,128.0,180.0,1.0,Urban,Y,128000.0,Married,7740000,,0.0,7740000.0,0.016537467700258397
Male,Yes,0,Graduate,No,3015,2188.0,153.0,360.0,1.0,Rural,Y,153000.0,Married,3015000,,2188000.0,5203000.0,0.02940611185854315
Female,No,1,Not Graduate,No,5191,0.0,132.0,360.0,1.0,Semiurban,Y,132000.0,Unmarried,5191000,,0.0,5191000.0,0.025428626468888462
Male,No,0,Graduate,No,4166,0.0,98.0,360.0,0.0,Semiurban,N,98000.0,Unmarried,4166000,,0.0,4166000.0,0.023523763802208355
Male,No,0,Graduate,No,6000,0.0,140.0,360.0,1.0,Rural,Y,140000.0,Unmarried,6000000,,0.0,6000000.0,0.023333333333333334
Male,Yes,4,Not Graduate,No,2947,1664.0,70.0,180.0,0.0,Urban,N,70000.0,Married,2947000,,1664000.0,4611000.0,0.015181088700932552
Male,Yes,0,Graduate,No,16692,0.0,110.0,360.0,1.0,Semiurban,Y,110000.0,Married,16692000,,0.0,16692000.0,0.006589983225497244
Female,Yes,2,Not Graduate,No,210,2917.0,98.0,360.0,1.0,Semiurban,Y,98000.0,Married,210000,2-3L,2917000.0,3127000.0,0.03133994243684042
Male,Yes,0,Graduate,No,4333,2451.0,110.0,360.0,1.0,Urban,N,110000.0,Married,4333000,,2451000.0,6784000.0,0.016214622641509434
Male,Yes,1,Graduate,Yes,3450,2079.0,162.0,360.0,1.0,Semiurban,Y,162000.0,Married,3450000,,2079000.0,5529000.0,0.02930005425935974
Male,Yes,1,Not Graduate,No,2653,1500.0,113.0,180.0,0.0,Rural,N,113000.0,Married,2653000,,1500000.0,4153000.0,0.027209246327955693
Male,Yes,4,Graduate,No,4691,0.0,100.0,360.0,1.0,Semiurban,Y,100000.0,Married,4691000,,0.0,4691000.0,0.021317416329140908
Female,No,0,Graduate,Yes,2500,0.0,93.0,360.0,1.0,Urban,Y,93000.0,Unmarried,2500000,,0.0,2500000.0,0.0372
Male,No,2,Graduate,No,5532,4648.0,162.0,360.0,1.0,Rural,Y,162000.0,Unmarried,5532000,,4648000.0,10180000.0,0.015913555992141455
Male,Yes,2,Graduate,Yes,16525,1014.0,150.0,360.0,1.0,Rural,Y,150000.0,Married,16525000,,1014000.0,17539000.0,0.008552369006214722
Male,Yes,2,Graduate,No,6700,1750.0,230.0,300.0,1.0,Semiurban,Y,230000.0,Married,6700000,,1750000.0,8450000.0,0.027218934911242602
Male,Yes,2,Graduate,No,2873,1872.0,132.0,360.0,0.0,Semiurban,N,132000.0,Married,2873000,,1872000.0,4745000.0,0.027818756585879872
Male,Yes,1,Graduate,Yes,16667,2250.0,86.0,360.0,1.0,Semiurban,Y,86000.0,Married,16667000,,2250000.0,18917000.0,0.004546175397790347
Male,Yes,2,Graduate,No,2947,1603.0,128.0,360.0,1.0,Urban,N,128000.0,Married,2947000,,1603000.0,4550000.0,0.028131868131868132
Female,No,0,Not Graduate,No,4350,0.0,154.0,360.0,1.0,Rural,Y,154000.0,Unmarried,4350000,,0.0,4350000.0,0.035402298850574714
Male,Yes,4,Not Graduate,No,3095,0.0,113.0,360.0,1.0,Rural,Y,113000.0,Married,3095000,,0.0,3095000.0,0.03651050080775444
Male,Yes,0,Graduate,No,2083,3150.0,128.0,360.0,1.0,Semiurban,Y,128000.0,Married,2083000,,3150000.0,5233000.0,0.024460156697878845
Male,Yes,0,Graduate,No,10833,0.0,234.0,360.0,1.0,Semiurban,Y,234000.0,Married,10833000,,0.0,10833000.0,0.02160066463583495
Male,Yes,2,Graduate,No,8333,0.0,246.0,360.0,1.0,Semiurban,Y,246000.0,Married,8333000,,0.0,8333000.0,0.029521180847233888
Male,Yes,1,Not Graduate,No,1958,2436.0,131.0,360.0,1.0,Rural,Y,131000.0,Married,1958000,,2436000.0,4394000.0,0.029813381884387802
Male,No,2,Graduate,No,3547,0.0,80.0,360.0,0.0,Rural,N,80000.0,Unmarried,3547000,,0.0,3547000.0,0.02255427121511136
Male,Yes,1,Graduate,No,18333,0.0,500.0,360.0,1.0,Urban,N,500000.0,Married,18333000,,0.0,18333000.0,0.02727322314951181
Male,Yes,2,Graduate,Yes,4583,2083.0,160.0,360.0,1.0,Semiurban,Y,160000.0,Married,4583000,,2083000.0,6666000.0,0.024002400240024
Male,No,0,Graduate,No,2435,0.0,75.0,360.0,1.0,Urban,N,75000.0,Unmarried,2435000,,0.0,2435000.0,0.030800821355236138
Male,No,0,Not Graduate,No,2699,2785.0,96.0,360.0,1.0,Semiurban,Y,96000.0,Unmarried,2699000,,2785000.0,5484000.0,0.0175054704595186
Male,Yes,1,Not Graduate,No,5333,1131.0,186.0,360.0,1.0,Urban,Y,186000.0,Married,5333000,,1131000.0,6464000.0,0.028774752475247526
Male,No,0,Not Graduate,No,3691,0.0,110.0,360.0,1.0,Rural,Y,110000.0,Unmarried,3691000,,0.0,3691000.0,0.029802221620157138
Female,No,0,Not Graduate,Yes,17263,0.0,225.0,360.0,1.0,Semiurban,Y,225000.0,Unmarried,17263000,,0.0,17263000.0,0.013033655795632277
Male,Yes,0,Graduate,No,3597,2157.0,119.0,360.0,0.0,Rural,N,119000.0,Married,3597000,,2157000.0,5754000.0,0.02068126520681265
Female,Yes,1,Graduate,No,3326,913.0,105.0,84.0,1.0,Semiurban,Y,105000.0,Married,3326000,,913000.0,4239000.0,0.024769992922859165
Male,Yes,0,Not Graduate,No,2600,1700.0,107.0,360.0,1.0,Rural,Y,107000.0,Married,2600000,,1700000.0,4300000.0,0.02488372093023256
Male,Yes,0,Graduate,No,4625,2857.0,111.0,12.0,1.0,Urban,Y,111000.0,Married,4625000,,2857000.0,7482000.0,0.01483560545308741
Male,Yes,1,Graduate,Yes,2895,0.0,95.0,360.0,1.0,Semiurban,Y,95000.0,Married,2895000,,0.0,2895000.0,0.03281519861830743
Male,No,0,Graduate,No,6283,4416.0,209.0,360.0,0.0,Rural,N,209000.0,Unmarried,6283000,,4416000.0,10699000.0,0.019534535937938125
Female,No,0,Graduate,No,645,3683.0,113.0,480.0,1.0,Rural,Y,113000.0,Unmarried,645000,6-7L,3683000.0,4328000.0,0.0261090573012939
Female,No,0,Graduate,No,3159,0.0,100.0,360.0,1.0,Semiurban,Y,100000.0,Unmarried,3159000,,0.0,3159000.0,0.03165558721114277
Male,Yes,2,Graduate,No,4865,5624.0,208.0,360.0,1.0,Semiurban,Y,208000.0,Married,4865000,,5624000.0,10489000.0,0.01983029840785585
Male,Yes,1,Not Graduate,No,4050,5302.0,138.0,360.0,1.0,Rural,N,138000.0,Married,4050000,,5302000.0,9352000.0,0.014756201881950384
Male,Yes,0,Not Graduate,No,3814,1483.0,124.0,300.0,1.0,Semiurban,Y,124000.0,Married,3814000,,1483000.0,5297000.0,0.0234094770624882
Male,Yes,2,Graduate,No,3510,4416.0,243.0,360.0,1.0,Rural,Y,243000.0,Married,3510000,,4416000.0,7926000.0,0.030658591975775928
Male,Yes,0,Graduate,No,20833,6667.0,480.0,360.0,1.0,Urban,Y,480000.0,Married,20833000,,6667000.0,27500000.0,0.017454545454545455
Male,No,0,Graduate,No,3583,0.0,96.0,360.0,1.0,Urban,N,96000.0,Unmarried,3583000,,0.0,3583000.0,0.026793190064192018
Male,Yes,0,Graduate,Yes,2479,3013.0,188.0,360.0,1.0,Urban,Y,188000.0,Married,2479000,,3013000.0,5492000.0,0.03423160961398398
Female,No,1,Graduate,No,13262,0.0,40.0,360.0,1.0,Urban,Y,40000.0,Unmarried,13262000,,0.0,13262000.0,0.003016136329362087
Male,No,0,Not Graduate,No,3598,1287.0,100.0,360.0,1.0,Rural,N,100000.0,Unmarried,3598000,,1287000.0,4885000.0,0.02047082906857728
Male,Yes,1,Graduate,No,6065,2004.0,250.0,360.0,1.0,Semiurban,Y,250000.0,Married,6065000,,2004000.0,8069000.0,0.030982773577890692
Male,Yes,2,Graduate,No,3283,2035.0,148.0,360.0,1.0,Urban,Y,148000.0,Married,3283000,,2035000.0,5318000.0,0.027830011282437006
Male,Yes,0,Graduate,No,2130,6666.0,70.0,180.0,1.0,Semiurban,N,70000.0,Married,2130000,,6666000.0,8796000.0,0.007958162801273306
Male,No,0,Graduate,No,5815,3666.0,311.0,360.0,1.0,Rural,N,311000.0,Unmarried,5815000,,3666000.0,9481000.0,0.03280244699926168
Male,Yes,4,Graduate,No,3466,3428.0,150.0,360.0,1.0,Rural,Y,150000.0,Married,3466000,,3428000.0,6894000.0,0.02175805047867711
Female,Yes,2,Graduate,No,2031,1632.0,113.0,480.0,1.0,Semiurban,Y,113000.0,Married,2031000,,1632000.0,3663000.0,0.03084903084903085
Male,Yes,0,Not Graduate,No,3074,1800.0,123.0,360.0,0.0,Semiurban,N,123000.0,Married,3074000,,1800000.0,4874000.0,0.025235945835043086
Male,No,0,Graduate,No,4683,1915.0,185.0,360.0,1.0,Semiurban,N,185000.0,Unmarried,4683000,,1915000.0,6598000.0,0.02803879963625341
Female,No,0,Not Graduate,No,3400,0.0,95.0,360.0,1.0,Rural,N,95000.0,Unmarried,3400000,,0.0,3400000.0,0.027941176470588237
Male,Yes,2,Not Graduate,No,2192,1742.0,45.0,360.0,1.0,Semiurban,Y,45000.0,Married,2192000,,1742000.0,3934000.0,0.011438739196746314
Male,No,0,Graduate,No,2500,0.0,55.0,360.0,1.0,Semiurban,Y,55000.0,Unmarried,2500000,,0.0,2500000.0,0.022
Male,Yes,4,Graduate,Yes,5677,1424.0,100.0,360.0,1.0,Rural,Y,100000.0,Married,5677000,,1424000.0,7101000.0,0.01408252358822701
Male,Yes,2,Graduate,Yes,7948,7166.0,480.0,360.0,1.0,Rural,Y,480000.0,Married,7948000,,7166000.0,15114000.0,0.031758634378721715
Male,No,0,Graduate,No,4680,2087.0,128.0,360.0,1.0,Semiurban,N,128000.0,Unmarried,4680000,,2087000.0,6767000.0,0.01891532436825772
Male,Yes,2,Graduate,Yes,17500,0.0,400.0,360.0,1.0,Rural,Y,400000.0,Married,17500000,,0.0,17500000.0,0.022857142857142857
Male,Yes,0,Graduate,No,3775,0.0,110.0,360.0,1.0,Semiurban,Y,110000.0,Married,3775000,,0.0,3775000.0,0.02913907284768212
Male,Yes,1,Not Graduate,No,5285,1430.0,161.0,360.0,0.0,Semiurban,Y,161000.0,Married,5285000,,1430000.0,6715000.0,0.023976172747580043
Male,No,1,Not Graduate,No,2679,1302.0,94.0,360.0,1.0,Semiurban,Y,94000.0,Unmarried,2679000,,1302000.0,3981000.0,0.02361215774930922
Male,No,0,Not Graduate,No,6783,0.0,130.0,360.0,1.0,Semiurban,Y,130000.0,Unmarried,6783000,,0.0,6783000.0,0.019165560961226596
Male,Yes,0,Graduate,No,1025,5500.0,216.0,360.0,1.0,Rural,Y,216000.0,Married,1025000,,5500000.0,6525000.0,0.03310344827586207
Male,Yes,4,Graduate,No,4281,0.0,100.0,360.0,1.0,Urban,Y,100000.0,Married,4281000,,0.0,4281000.0,0.023359028264424198
Male,No,2,Graduate,No,3588,0.0,110.0,360.0,0.0,Rural,N,110000.0,Unmarried,3588000,,0.0,3588000.0,0.030657748049052396
Male,No,1,Graduate,No,11250,0.0,196.0,360.0,1.0,Semiurban,N,196000.0,Unmarried,11250000,,0.0,11250000.0,0.01742222222222222
Female,No,0,Not Graduate,Yes,18165,0.0,125.0,360.0,1.0,Urban,Y,125000.0,Unmarried,18165000,,0.0,18165000.0,0.006881365262868153
Male,No,0,Not Graduate,No,2550,2042.0,126.0,360.0,1.0,Rural,Y,126000.0,Unmarried,2550000,,2042000.0,4592000.0,0.027439024390243903
Male,Yes,0,Graduate,No,6133,3906.0,324.0,360.0,1.0,Urban,Y,324000.0,Married,6133000,,3906000.0,10039000.0,0.03227413088953083
Male,No,2,Graduate,No,3617,0.0,107.0,360.0,1.0,Semiurban,Y,107000.0,Unmarried,3617000,,0.0,3617000.0,0.029582526956040918
Male,Yes,0,Not Graduate,No,2917,536.0,66.0,360.0,1.0,Rural,N,66000.0,Married,2917000,,536000.0,3453000.0,0.019113814074717638
Male,Yes,4,Graduate,No,6417,0.0,157.0,180.0,1.0,Rural,Y,157000.0,Married,6417000,,0.0,6417000.0,0.02446626149290946
Female,Yes,1,Graduate,No,4608,2845.0,140.0,180.0,1.0,Semiurban,Y,140000.0,Married,4608000,,2845000.0,7453000.0,0.018784382128002146
Female,No,0,Graduate,No,2138,0.0,99.0,360.0,0.0,Semiurban,N,99000.0,Unmarried,2138000,,0.0,2138000.0,0.04630495790458372
Female,No,1,Graduate,No,3652,0.0,95.0,360.0,1.0,Semiurban,Y,95000.0,Unmarried,3652000,,0.0,3652000.0,0.026013143483023003
Male,Yes,1,Not Graduate,No,2239,2524.0,128.0,360.0,1.0,Urban,Y,128000.0,Married,2239000,,2524000.0,4763000.0,0.026873819021625025
Female,Yes,0,Not Graduate,No,3017,663.0,102.0,360.0,1.0,Semiurban,Y,102000.0,Married,3017000,,663000.0,3680000.0,0.027717391304347826
Male,Yes,0,Graduate,No,2768,1950.0,155.0,360.0,1.0,Rural,Y,155000.0,Married,2768000,,1950000.0,4718000.0,0.03285290377278508
Male,No,0,Not Graduate,No,3358,0.0,80.0,36.0,1.0,Semiurban,N,80000.0,Unmarried,3358000,,0.0,3358000.0,0.023823704586063133
Male,No,0,Graduate,No,2526,1783.0,145.0,360.0,1.0,Rural,Y,145000.0,Unmarried,2526000,,1783000.0,4309000.0,0.03365049895567417
Female,No,0,Graduate,No,5000,0.0,103.0,360.0,0.0,Semiurban,N,103000.0,Unmarried,5000000,,0.0,5000000.0,0.0206
Male,Yes,0,Graduate,No,2785,2016.0,110.0,360.0,1.0,Rural,Y,110000.0,Married,2785000,,2016000.0,4801000.0,0.022911893355550928
Male,Yes,2,Graduate,Yes,6633,0.0,128.0,360.0,0.0,Rural,N,128000.0,Married,6633000,,0.0,6633000.0,0.019297452133273028
Male,Yes,1,Not Graduate,No,2492,2375.0,128.0,360.0,1.0,Rural,Y,128000.0,Married,2492000,,2375000.0,4867000.0,0.026299568522703924
Male,Yes,1,Graduate,No,3333,3250.0,158.0,360.0,1.0,Urban,Y,158000.0,Married,3333000,,3250000.0,6583000.0,0.024001215251405136
Male,Yes,0,Not Graduate,No,2454,2333.0,181.0,360.0,0.0,Urban,N,181000.0,Married,2454000,,2333000.0,4787000.0,0.03781073741382912
Male,Yes,0,Graduate,No,3593,4266.0,132.0,180.0,0.0,Rural,N,132000.0,Married,3593000,,4266000.0,7859000.0,0.01679603002926581
Male,Yes,1,Graduate,No,5468,1032.0,26.0,360.0,1.0,Semiurban,Y,26000.0,Married,5468000,,1032000.0,6500000.0,0.004
Female,No,0,Graduate,No,2667,1625.0,84.0,360.0,1.0,Urban,Y,84000.0,Unmarried,2667000,,1625000.0,4292000.0,0.0195712954333644
Male,Yes,4,Graduate,Yes,10139,0.0,260.0,360.0,1.0,Semiurban,Y,260000.0,Married,10139000,,0.0,10139000.0,0.025643554591182564
Male,Yes,0,Graduate,No,3887,2669.0,162.0,360.0,1.0,Semiurban,Y,162000.0,Married,3887000,,2669000.0,6556000.0,0.02471018913971934
Female,Yes,0,Graduate,No,4180,2306.0,182.0,360.0,1.0,Semiurban,Y,182000.0,Married,4180000,,2306000.0,6486000.0,0.028060437866173297
Male,Yes,2,Not Graduate,No,3675,242.0,108.0,360.0,1.0,Semiurban,Y,108000.0,Married,3675000,,242000.0,3917000.0,0.027572121521572634
Female,Yes,1,Graduate,Yes,19484,0.0,600.0,360.0,1.0,Semiurban,Y,600000.0,Married,19484000,,0.0,19484000.0,0.03079449804968179
Male,Yes,0,Graduate,No,5923,2054.0,211.0,360.0,1.0,Rural,Y,211000.0,Married,5923000,,2054000.0,7977000.0,0.02645104675943337
Male,No,0,Not Graduate,Yes,5800,0.0,132.0,360.0,1.0,Semiurban,Y,132000.0,Unmarried,5800000,,0.0,5800000.0,0.022758620689655173
Male,Yes,2,Graduate,No,8799,0.0,258.0,360.0,0.0,Urban,N,258000.0,Married,8799000,,0.0,8799000.0,0.029321513808387316
Male,Yes,0,Not Graduate,No,4467,0.0,120.0,360.0,1.0,Rural,Y,120000.0,Married,4467000,,0.0,4467000.0,0.026863666890530557
Male,No,0,Graduate,No,3333,0.0,70.0,360.0,1.0,Urban,Y,70000.0,Unmarried,3333000,,0.0,3333000.0,0.021002100210021003
Male,Yes,4,Graduate,No,3400,2500.0,123.0,360.0,0.0,Rural,N,123000.0,Married,3400000,,2500000.0,5900000.0,0.020847457627118645
Female,No,0,Graduate,No,2378,0.0,9.0,360.0,1.0,Urban,N,9000.0,Unmarried,2378000,,0.0,2378000.0,0.0037846930193439865
Male,Yes,0,Graduate,No,3166,2064.0,104.0,360.0,0.0,Urban,N,104000.0,Married,3166000,,2064000.0,5230000.0,0.01988527724665392
Male,Yes,1,Graduate,No,3417,1750.0,186.0,360.0,1.0,Urban,Y,186000.0,Married,3417000,,1750000.0,5167000.0,0.035997677569189084
Male,Yes,0,Graduate,No,5116,1451.0,165.0,360.0,0.0,Urban,N,165000.0,Married,5116000,,1451000.0,6567000.0,0.02512562814070352
Male,Yes,2,Graduate,No,16666,0.0,275.0,360.0,1.0,Urban,Y,275000.0,Married,16666000,,0.0,16666000.0,0.016500660026401055
Male,Yes,2,Not Graduate,No,6125,1625.0,187.0,480.0,1.0,Semiurban,N,187000.0,Married,6125000,,1625000.0,7750000.0,0.024129032258064516
Male,Yes,4,Graduate,No,6406,0.0,150.0,360.0,1.0,Semiurban,N,150000.0,Married,6406000,,0.0,6406000.0,0.023415547923821417
Male,Yes,2,Graduate,No,3159,461.0,108.0,84.0,1.0,Urban,Y,108000.0,Married,3159000,,461000.0,3620000.0,0.02983425414364641
Male,Yes,0,Graduate,No,3087,2210.0,136.0,360.0,0.0,Semiurban,N,136000.0,Married,3087000,,2210000.0,5297000.0,0.02567491032659996
Male,No,0,Graduate,No,3229,2739.0,110.0,360.0,1.0,Urban,Y,110000.0,Unmarried,3229000,,2739000.0,5968000.0,0.018431635388739945
Male,Yes,1,Graduate,No,1782,2232.0,107.0,360.0,1.0,Rural,Y,107000.0,Married,1782000,,2232000.0,4014000.0,0.02665670154459392
Male,No,0,Graduate,No,3182,2917.0,161.0,360.0,1.0,Urban,Y,161000.0,Unmarried,3182000,,2917000.0,6099000.0,0.026397770126250206
Male,Yes,2,Graduate,No,6540,0.0,205.0,360.0,1.0,Semiurban,Y,205000.0,Married,6540000,,0.0,6540000.0,0.03134556574923547
Male,No,0,Graduate,No,1836,33837.0,90.0,360.0,1.0,Urban,N,90000.0,Unmarried,1836000,,33837000.0,35673000.0,0.0025229164914641325
Female,Yes,0,Graduate,No,3166,0.0,36.0,360.0,1.0,Semiurban,Y,36000.0,Married,3166000,,0.0,3166000.0,0.011370814908401769
Male,Yes,1,Graduate,No,1880,0.0,61.0,360.0,1.0,Rural,N,61000.0,Married,1880000,,0.0,1880000.0,0.032446808510638296
Male,Yes,1,Graduate,No,2787,1917.0,146.0,360.0,0.0,Rural,N,146000.0,Married,2787000,,1917000.0,4704000.0,0.031037414965986394
Male,Yes,1,Graduate,No,4283,3000.0,172.0,84.0,1.0,Rural,N,172000.0,Married,4283000,,3000000.0,7283000.0,0.02361664149388988
Male,Yes,0,Graduate,No,2297,1522.0,104.0,360.0,1.0,Urban,Y,104000.0,Married,2297000,,1522000.0,3819000.0,0.027232259753862266
Female,No,0,Not Graduate,No,2165,0.0,70.0,360.0,1.0,Semiurban,Y,70000.0,Unmarried,2165000,,0.0,2165000.0,0.03233256351039261
Male,No,0,Graduate,No,4750,0.0,94.0,360.0,1.0,Semiurban,Y,94000.0,Unmarried,4750000,,0.0,4750000.0,0.019789473684210527
Male,Yes,2,Graduate,Yes,2726,0.0,106.0,360.0,0.0,Semiurban,N,106000.0,Married,2726000,,0.0,2726000.0,0.03888481291269259
Male,Yes,0,Graduate,No,3000,3416.0,56.0,180.0,1.0,Semiurban,Y,56000.0,Married,3000000,,3416000.0,6416000.0,0.008728179551122194
Male,Yes,2,Graduate,Yes,6000,0.0,205.0,240.0,1.0,Semiurban,N,205000.0,Married,6000000,,0.0,6000000.0,0.034166666666666665
Male,No,4,Graduate,Yes,9357,0.0,292.0,360.0,1.0,Semiurban,Y,292000.0,Unmarried,9357000,,0.0,9357000.0,0.031206583306615368
Male,Yes,0,Graduate,No,3859,3300.0,142.0,180.0,1.0,Rural,Y,142000.0,Married,3859000,,3300000.0,7159000.0,0.019835172510127112
Male,Yes,0,Graduate,Yes,16120,0.0,260.0,360.0,1.0,Urban,Y,260000.0,Married,16120000,,0.0,16120000.0,0.016129032258064516
Male,No,0,Not Graduate,No,3833,0.0,110.0,360.0,1.0,Rural,Y,110000.0,Unmarried,3833000,,0.0,3833000.0,0.02869814766501435
Male,Yes,2,Not Graduate,Yes,6383,1000.0,187.0,360.0,1.0,Rural,N,187000.0,Married,6383000,,1000000.0,7383000.0,0.025328457266693756
Male,No,0,Graduate,No,2987,0.0,88.0,360.0,0.0,Semiurban,N,88000.0,Unmarried,2987000,,0.0,2987000.0,0.02946099765651155
Male,Yes,0,Graduate,Yes,9963,0.0,180.0,360.0,1.0,Rural,Y,180000.0,Married,9963000,,0.0,9963000.0,0.018066847335140017
Male,Yes,2,Graduate,No,5780,0.0,192.0,360.0,1.0,Urban,Y,192000.0,Married,5780000,,0.0,5780000.0,0.03321799307958478
Female,No,4,Graduate,No,416,41667.0,350.0,180.0,1.0,Urban,N,350000.0,Unmarried,416000,4-5L,41667000.0,42083000.0,0.00831689755958463
Male,Yes,0,Not Graduate,No,2894,2792.0,155.0,360.0,1.0,Rural,Y,155000.0,Married,2894000,,2792000.0,5686000.0,0.027259936686598662
Male,Yes,4,Graduate,No,5703,0.0,128.0,360.0,1.0,Urban,Y,128000.0,Married,5703000,,0.0,5703000.0,0.02244432754690514
Male,No,0,Graduate,No,3676,4301.0,172.0,360.0,1.0,Rural,Y,172000.0,Unmarried,3676000,,4301000.0,7977000.0,0.021561990723329573
Female,Yes,1,Graduate,No,12000,0.0,496.0,360.0,1.0,Semiurban,Y,496000.0,Married,12000000,,0.0,12000000.0,0.04133333333333333
Male,Yes,0,Not Graduate,No,2400,3800.0,128.0,180.0,1.0,Urban,N,128000.0,Married,2400000,,3800000.0,6200000.0,0.02064516129032258
Male,Yes,1,Graduate,No,3400,2500.0,173.0,360.0,1.0,Semiurban,Y,173000.0,Married,3400000,,2500000.0,5900000.0,0.029322033898305084
Male,Yes,2,Not Graduate,No,3987,1411.0,157.0,360.0,1.0,Rural,Y,157000.0,Married,3987000,,1411000.0,5398000.0,0.029084846239347907
Male,Yes,0,Graduate,No,3232,1950.0,108.0,360.0,1.0,Rural,Y,108000.0,Married,3232000,,1950000.0,5182000.0,0.020841373986877652
Female,No,0,Graduate,No,2900,0.0,71.0,360.0,1.0,Rural,Y,71000.0,Unmarried,2900000,,0.0,2900000.0,0.024482758620689656
Male,Yes,4,Graduate,No,4106,0.0,40.0,180.0,1.0,Rural,Y,40000.0,Married,4106000,,0.0,4106000.0,0.00974184120798831
Male,Yes,1,Graduate,No,8072,240.0,253.0,360.0,1.0,Urban,Y,253000.0,Married,8072000,,240000.0,8312000.0,0.030437921077959576
Male,Yes,2,Graduate,No,7583,0.0,187.0,360.0,1.0,Urban,Y,187000.0,Married,7583000,,0.0,7583000.0,0.024660424634049848
Female,No,0,Graduate,Yes,4583,0.0,133.0,360.0,0.0,Semiurban,N,133000.0,Unmarried,4583000,,0.0,4583000.0,0.02902029238490072
